,Cod.Car.Sec,Aprobado,Anho.Firma,Primer.Par,Segundo.Par,AOT,Primer.Rec,Segundo.Rec,Nota.Final
0,CIV-PLS13 ,0,0,7,0,0,0,0,
1,MCT-PLS13 ,1,2017,18,15,0,0,0,1F-2
2,CIV-PLS13 ,0,0,13,0,0,0,0,
3,CIV-PLS13 ,0,0,0,0,0,0,0,
4,IND-PLS13 ,0,0,4,8,0,0,0,
5,MCT-PLS13 ,0,2017,17,19,0,0,12,"1F-1,3F-1"
6,ELE-PLS13 ,0,0,10,5,0,8,20,
7,MCT-PLS13 ,0,0,11,7,0,0,18,
8,ELE-PLS13 ,0,0,7,8,0,0,0,
9,ELE-PLS13 ,0,0,3,9,0,0,0,
10,MCT-PLS13 ,0,2017,11,20,0,20,0,
11,ELE-PLS13 ,0,2017,8,21,0,0,0,"1F-1,2F-1,3F-1"
12,CIV-PLS13 ,0,0,9,15,0,11,9,
13,MCT-PLS13 ,0,0,9,6,0,4,0,
14,MCT-PLS13 ,0,2016,16,9,0,17,12,
15,ELE-PLS13 ,0,0,9,13,0,0,10,
16,CIV-PLS13 ,0,0,3,20,0,12,24,
17,ELE-PLS13 ,0,2016,4,22,0,0,19,1F-1
18,ELE-PLS13 ,1,2017,23,25,0,0,0,1F-5
19,ELE-PLS13 ,1,0,7,19,0,0,0,"1F-1,2F-2"
20,ELE-PLS13 ,1,2017,11,27,0,0,0,"1F-1,2F-1,3F-2"
21,ELE-PLS13 ,0,2017,10,19,0,12,0,
22,ELE-PLS13 ,0,2017,8,18,0,14,28,3F-1
23,MCT-PLS13 ,0,0,16,8,0,21,0,
24,ELE-PLS13 ,0,2017,7,21,0,12,16,3F-1
25,MCT-PLS13 ,0,0,4,0,0,0,0,
26,ELE-PLS13 ,1,2017,6,25,0,0,0,"1F-1,2F-2"
27,MCT-PLS13 ,0,2016,2,0,0,0,0,2F-1
28,CIV-PLS13 ,1,2017,15,21,0,0,0,"1F-1,2F-3"
29,MCT-PLS13 ,0,2017,11,14,0,27,36,3F-1
30,IND-PLS13 ,0,0,5,5,0,0,0,
31,ELE-PLS13 ,0,2017,16,21,0,0,0,"1F-1,2F-1,3F-1"
32,MCT-PLS13 ,0,0,6,9,0,12,16,
33,CIV-PLS13 ,0,0,0,0,0,0,0,
34,CIV-PLS13 ,1,2016,10,20,0,0,0,1F-2
35,ELE-PLS13 ,0,0,11,14,0,12,28,
36,ELE-PLS13 ,0,2016,11,15,0,0,0,"2F-1,3F-1"
37,IND-PLS13 ,0,0,7,17,0,19,10,
38,CIV-PLS13 ,0,2017,13,25,0,10,0,
39,ELE-PLS13 ,0,0,8,11,0,0,0,
40,ELE-PLS13 ,0,0,9,13,0,14,22,
41,ELE-PLS13 ,1,2017,15,17,0,0,0,"2F-1,3F-2"
42,CIV-PLS13 ,0,0,1,10,0,0,0,
43,MCT-PLS13 ,0,0,13,5,0,0,14,
44,CIV-PLS13 ,0,0,11,12,0,5,8,
45,IND-PLS13 ,1,2016,17,23,0,0,0,1F-2
46,ELE-PLS13 ,0,2017,11,20,0,0,0,
47,CIV-PLS13 ,0,0,9,6,0,0,0,
48,IND-PLS13 ,0,2017,13,22,0,0,0,"2F-1,3F-1"
49,MCT-PLS13 ,0,0,9,17,0,10,24,
50,ELE-PLS13 ,0,0,10,5,0,24,10,
51,CIV-PLS13 ,0,0,10,13,0,0,14,
52,IND-PLS13 ,1,2016,11,24,0,0,0,1F-3
53,CIV-PLS13 ,0,0,13,7,0,20,15,
54,ELE-PLS13 ,0,0,2,0,0,0,0,
55,MCT-PLS13 ,0,0,7,8,0,0,4,
56,IND-PLS13 ,1,2017,13,8,0,37,0,"2F-1,3F-2"
57,CIV-PLS13 ,1,2017,9,28,0,0,0,1F-2
58,MCT-PLS13 ,0,0,7,3,0,0,0,
59,ELE-PLS13 ,0,0,4,13,0,10,13,
60,CIV-PLS13 ,0,0,8,0,0,0,0,
61,MEC-PLS13 ,0,2016,11,0,0,0,14,"1F-1,3F-1"
62,ELE-PLS13 ,1,2017,6,23,0,22,0,"2F-1,3F-3"
63,CIV-PLS13 ,0,0,5,0,0,0,0,
64,ELE-PLS13 ,0,0,0,0,0,0,0,
65,ELE-PLS13 ,1,2016,8,0,0,0,0,"1F-1,2F-2"
66,ELE-PLS13 ,0,0,2,0,0,0,0,
67,CIV-PLS13 ,1,2017,12,31,0,0,0,1F-3
68,CIV-PLS13 ,0,0,8,11,0,19,24,
69,MEC-PLS13 ,1,2016,0,0,0,22,0,2F-2
70,IND-PLS13 ,1,2016,16,19,0,0,0,"1F-1,2F-2"
71,CIV-PLS13 ,1,2017,12,21,0,0,0,1F-2
72,MEC-PLS13 ,0,0,4,3,0,0,0,
73,ELE-PLS13 ,0,0,0,7,0,0,0,
74,IND-PLS13 ,1,2016,14,13,0,16,0,2F-3
75,CIV-PLS13 ,1,2017,13,19,0,0,0,"1F-1,2F-2"
76,CIV-PLS13 ,0,0,0,0,0,0,0,
77,CIV-PLS13 ,0,0,10,14,0,16,2,
78,CIV-PLS13 ,1,2017,19,18,0,0,0,1F-2
79,CIV-PLS13 ,0,0,13,10,0,23,26,
80,CIV-PLS13 ,1,2016,10,20,0,0,0,1F-2
81,CIV-PLS13 ,0,0,10,13,0,15,15,
82,CIV-PLS13 ,0,0,16,7,0,17,20,
83,MCT-PLS13 ,0,2017,10,26,0,0,0,
84,IND-PLS13 ,0,0,6,2,0,0,0,
85,IND-PLS13 ,0,2017,14,9,0,0,32,3F-1
86,CIV-PLS13 ,0,2017,13,21,0,0,0,"1F-1,3F-1"
87,CIV-PLS13 ,0,0,0,12,0,0,0,
88,CIV-PLS13 ,0,0,6,9,0,8,12,
89,ELE-PLS13 ,1,2017,14,24,0,0,0,1F-3
90,ELE-PLS13 ,0,2017,11,10,0,27,30,3F-1
91,MCT-PLS13 ,1,2016,0,0,0,0,0,"1F-1,2F-2"
92,CIV-PLS13 ,0,0,8,12,0,6,18,
93,MCT-PLS13 ,1,2016,15,27,0,0,0,1F-3
94,ELE-PLS13 ,0,0,0,0,0,0,0,
95,MCT-PLS13 ,0,0,5,3,0,0,0,
96,CIV-PLS13 ,0,0,0,0,0,0,0,
97,CIV-PLS13 ,0,0,7,12,0,17,16,
98,ELE-PLS13 ,0,2016,10,13,0,9,10,
99,ELE-PLS13 ,0,0,12,11,0,14,20,
100,MEC-PLS13 ,1,2017,18,20,0,0,0,1F-2
101,IND-PLS13 ,0,0,11,12,0,24,20,
102,MCT-PLS13 ,0,0,6,12,0,0,0,
103,MCT-PLS13 ,0,0,4,2,0,0,0,
104,MCT-PLS13 ,0,0,3,7,0,0,0,
105,MCT-PLS13 ,0,0,0,15,0,0,0,
106,CIV-PLS13 ,0,0,11,11,0,18,12,
107,CIV-PLS13 ,0,0,14,0,0,0,0,
108,CIV-PLS13 ,0,0,0,0,0,0,0,
109,ELE-PLS13 ,1,2017,9,22,0,0,0,1F-2
110,MCT-PLS13 ,0,0,13,6,0,0,0,
111,MCT-PLS13 ,1,2017,16,30,0,0,0,1F-4
112,IND-PLS13 ,0,0,7,0,0,0,0,
113,CIV-PLS13 ,0,2017,14,15,0,11,0,
114,CIV-PLS13 ,1,2016,4,27,0,22,0,2F-3
115,CIV-PLS13 ,0,0,10,8,0,28,24,
116,CIV-PLS13 ,1,2016,15,25,0,0,0,2F-4
117,CIV-PLS13 ,0,0,5,14,0,11,0,
118,CIV-PLS13 ,0,0,6,6,0,0,0,
119,CIV-PLS13 ,1,2017,19,19,0,0,0,1F-3
120,CIV-PLS13 ,1,2017,10,16,0,28,46,3F-3
121,ELE-PLS13 ,1,2017,19,26,0,0,0,1F-5
122,IND-PLS13 ,0,0,11,4,0,0,12,
123,IND-PLS13 ,1,2017,16,18,0,0,0,1F-2
124,ELE-PLS13 ,0,0,13,12,0,8,14,
125,MCT-PLS13 ,0,0,7,9,0,15,20,
126,MCT-PLS13 ,0,0,10,2,0,0,0,
127,MCT-PLS13 ,0,2017,11,9,0,12,30,3F-1
128,CIV-PLS13 ,1,2017,12,27,0,0,0,1F-2
129,CIV-PLS13 ,0,0,0,23,0,10,21,
130,CIV-PLS13 ,1,2017,19,31,0,0,0,1F-5
131,ELE-PLS13 ,0,0,3,14,0,13,18,
132,MEC-PLS13 ,1,2017,9,17,0,8,32,3F-2
133,CIV-PLS13 ,0,0,6,12,0,18,14,
134,MCT-PLS13 ,0,0,0,0,0,0,0,
135,CIV-PLS13 ,0,2016,6,0,0,0,0,
136,CIV-PLS13 ,0,0,6,9,0,7,2,
137,ELE-PLS13 ,0,0,4,15,0,8,20,
138,CIV-PLS13 ,0,0,0,0,0,0,0,
139,MCT-PLS13 ,0,0,14,12,0,22,22,
140,CIV-PLS13 ,0,0,3,5,0,0,0,
141,ELE-PLS13 ,0,0,7,19,0,17,10,
142,ELE-PLS13 ,1,2017,8,22,0,0,0,"1F-1,2F-2"
143,ELE-PLS13 ,0,0,10,3,0,0,0,
144,IND-PLS13 ,0,2017,14,9,0,18,32,3F-1
145,MEC-PLS13 ,0,0,2,5,0,0,0,
146,ELE-PLS13 ,0,0,5,0,0,0,0,
147,CIV-PLS13 ,0,0,14,9,0,12,22,
148,ELE-PLS13 ,1,2017,21,17,0,0,0,"1F-1,2F-2"
149,CIV-PLS13 ,1,2017,13,19,0,14,0,"2F-1,3F-2"
150,MCT-PLS13 ,1,2017,15,28,0,0,0,1F-4
151,CIV-PLS13 ,1,2017,16,20,0,22,45,3F-2
152,IND-PLS13 ,1,2017,17,17,0,25,0,2F-2
153,CIV-PLS13 ,1,2017,18,17,0,0,0,2F-2
154,MEC-PLS13 ,0,2017,10,12,0,10,31,3F-1
155,MEC-PLS13 ,0,0,14,11,0,14,12,
156,ELE-PLS13 ,0,2016,10,0,0,22,0,2F-1
157,MEC-PLS13 ,0,0,3,2,0,0,0,
158,CIV-PLS13 ,1,2017,6,25,0,30,0,2F-3
159,CIV-PLS13 ,1,2017,10,18,0,40,0,2F-4
160,CIV-PLS13 ,1,2017,13,24,0,0,0,1F-3
161,ELE-PLS13 ,0,0,0,0,0,0,0,
162,CIV-PLS13 ,0,0,3,16,0,14,23,
163,MCT-PLS13 ,1,2017,10,15,0,32,0,2F-2
164,ELE-PLS13 ,1,2017,14,22,0,0,0,1F-2
165,ELE-PLS13 ,1,2016,6,14,0,0,0,"1F-1,2F-2"
166,ELE-PLS13 ,0,0,13,0,0,0,0,
167,CIV-PLS13 ,0,0,5,2,0,0,0,
168,IND-PLS13 ,0,0,3,12,0,14,0,
169,MCT-PLS13 ,0,0,10,7,0,0,0,
170,CIV-PLS13 ,1,2017,17,25,0,0,0,1F-3
171,CIV-PLS13 ,0,2017,15,25,0,0,0,"1F-1,3F-1"
172,MCT-PLS13 ,1,2017,20,26,0,0,0,1F-3
173,ELE-PLS13 ,1,2017,11,14,0,38,0,2F-3
174,CIV-PLS13 ,0,2016,8,23,0,22,31,3F-1
175,MCT-PLS13 ,0,2017,17,12,0,16,20,3F-1
176,IND-PLS13 ,1,2017,20,24,0,0,0,1F-3
177,CIV-PLS13 ,1,2017,14,25,0,0,0,1F-2
178,MEC-PLS13 ,0,0,18,5,0,18,24,
179,ELE-PLS13 ,0,2017,8,17,0,18,40,3F-1
180,ELE-PLS13 ,1,2017,17,25,0,0,0,1F-4
181,CIV-PLS13 ,0,2017,12,8,0,10,32,3F-1
182,ELE-PLS13 ,1,2017,19,16,0,0,0,1F-3
183,MCT-PLS13 ,0,2017,19,16,0,0,0,
184,MCT-PLS13 ,1,2017,17,25,0,0,0,1F-5
185,CIV-PLS13 ,0,2017,4,13,0,10,30,3F-1
186,MCT-PLS13 ,1,2017,17,19,0,0,0,1F-2
187,CIV-PLS13 ,0,0,5,11,0,3,12,
188,CIV-PLS13 ,0,0,9,1,0,0,0,
189,MCT-PLS13 ,0,2017,8,17,0,18,34,3F-1
190,CIV-PLS13 ,1,2017,8,27,0,0,0,1F-2
191,IND-PLS13 ,0,0,4,11,0,22,8,
192,CIV-PLS13 ,0,0,7,11,0,5,8,
193,ELE-PLS13 ,0,0,6,7,0,0,0,
194,CIV-PLS13 ,1,2017,19,32,0,0,0,2F-5
195,CIV-PLS13 ,0,2016,5,24,0,0,0,1F-1
196,ELE-PLS13 ,0,0,5,17,0,22,10,
197,CIV-PLS13 ,0,0,0,0,0,0,0,
198,CIV-PLS13 ,0,0,1,0,0,0,0,
199,MEC-PLS13 ,1,2017,13,21,0,0,0,1F-2
200,CIV-PLS13 ,0,0,3,10,0,0,0,
201,ELE-PLS13 ,0,2017,11,19,0,0,0,"1F-1,2F-1,3F-1"
202,IND-PLS13 ,0,0,7,5,0,0,0,
203,CIV-PLS13 ,0,0,7,0,0,0,0,
204,CIV-PLS13 ,1,2017,16,15,0,0,0,"1F-1,2F-1,3F-2"
205,CIV-PLS13 ,0,0,9,3,0,0,0,
206,MCT-PLS13 ,0,2016,10,8,0,0,12,"1F-1,3F-1"
207,IND-PLS13 ,0,0,0,0,0,0,0,
208,CIV-PLS13 ,0,0,5,15,0,0,12,
209,ELE-PLS13 ,0,0,0,10,0,0,0,
210,MCT-PLS13 ,1,2016,6,0,0,0,0,"1F-1,2F-2"
211,CIV-PLS13 ,0,0,3,16,0,16,10,
212,MCT-PLS13 ,0,2017,19,10,0,20,33,3F-1
213,CIV-PLS13 ,0,0,0,8,0,0,0,
214,ELE-PLS13 ,0,0,10,16,0,23,26,
215,MCT-PLS13 ,0,0,5,16,0,6,26,
216,CIV-PLS13 ,0,0,13,6,0,20,22,
217,CIV-PLS13 ,0,0,12,3,0,12,14,
218,MCT-PLS13 ,0,0,5,10,0,0,4,
219,CIV-PLS13 ,0,0,16,10,0,26,16,
220,CIV-PLS13 ,1,2016,16,30,0,0,0,1F-4
221,MCT-PLS13 ,1,2017,22,23,0,0,0,1F-4
222,ELE-PLS13 ,1,2017,14,7,0,18,31,3F-2
223,CIV-PLS13 ,0,0,6,0,0,0,0,
224,MEC-PLS13 ,0,0,12,8,0,0,8,
225,MCT-PLS13 ,1,2017,18,14,0,0,0,"1F-1,2F-2"
226,MEC-PLS13 ,0,0,8,14,0,8,14,
227,CIV-PLS13 ,0,2017,16,20,0,0,0,"1F-1,2F-1,3F-1"
228,IND-PLS13 ,0,2017,14,10,0,22,38,3F-1
229,MEC-PLS13 ,0,0,8,16,0,5,8,
230,ELE-PLS13 ,1,2017,14,25,0,0,0,1F-2
231,MCT-PLS13 ,0,0,0,0,0,0,0,
232,MCT-PLS13 ,0,0,11,7,0,10,0,
233,ELE-PLS13 ,0,0,6,6,0,0,0,
234,IND-PLS13 ,0,0,13,14,0,16,0,
235,CIV-PLS13 ,0,0,4,12,0,23,21,
236,CIV-PLS13 ,0,0,4,12,0,9,18,
237,ELE-PLS13 ,0,0,7,8,0,12,0,
238,IND-PLS13 ,0,0,1,12,0,0,0,
239,CIV-PLS13 ,0,0,7,12,0,8,20,
240,IND-PLS13 ,1,2017,13,17,0,0,0,1F-3
241,IND-PLS13 ,1,2017,14,24,0,0,0,1F-2
242,MCT-PLS13 ,0,2016,0,0,0,0,8,3F-1
243,MCT-PLS13 ,0,0,10,17,0,0,16,
244,IND-PLS13 ,0,0,0,0,0,0,0,
245,ELE-PLS13 ,0,0,8,2,0,0,0,
246,IND-PLS13 ,0,2017,13,21,0,0,0,"1F-1,2F-1,3F-1"
247,MCT-PLS13 ,1,2016,16,26,0,0,0,1F-3
248,IND-PLS13 ,0,0,0,0,0,0,0,
249,IND-PLS13 ,1,2017,16,21,0,0,0,1F-2
250,MCT-PLS13 ,0,0,7,14,0,22,24,
251,CIV-PLS13 ,0,2016,9,15,0,15,28,3F-1
252,CIV-PLS13 ,1,2017,15,24,0,0,0,1F-3
253,CIV-PLS13 ,1,2017,15,29,0,0,0,1F-5
254,IND-PLS13 ,0,0,11,11,0,6,10,
255,MCT-PLS13 ,0,0,8,10,0,6,24,
256,IND-PLS13 ,0,0,9,2,0,0,0,
257,CIV-PLS13 ,0,0,0,0,0,0,0,
258,CIV-PLS13 ,0,0,4,11,0,26,22,
259,ELE-PLS13 ,1,2017,17,22,0,0,0,1F-4
260,MCT-PLS13 ,0,0,10,0,0,0,0,
261,MCT-PLS13 ,0,0,0,0,0,0,0,
262,MCT-PLS13 ,1,2017,16,19,0,16,0,2F-4
263,IND-PLS13 ,0,0,5,20,0,19,28,
264,CIV-PLS13 ,0,0,5,6,0,0,0,
265,CIV-PLS13 ,0,0,5,13,0,30,24,
266,MEC-PLS13 ,0,2017,11,17,0,0,0,
267,CIV-PLS13 ,0,0,6,10,0,14,12,
268,ELE-PLS13 ,0,0,4,13,0,12,14,
269,CIV-PLS13 ,0,2017,10,20,0,0,26,"1F-1,3F-1"
270,ELE-PLS13 ,0,0,4,0,0,0,0,
271,CIV-PLS13 ,0,2017,15,5,0,12,27,3F-1
272,MCT-PLS13 ,0,0,5,10,0,12,16,
273,CIV-PLS13 ,0,0,6,4,0,0,0,
274,CIV-PLS13 ,0,0,10,17,0,20,12,
275,ELE-PLS13 ,0,0,8,19,0,27,26,
276,IND-PLS13 ,1,2017,16,19,0,30,0,2F-3
277,ELE-PLS13 ,0,2017,14,14,0,31,0,"2F-1,3F-1"
278,ELE-PLS13 ,0,0,9,7,0,16,8,
279,CIV-PLS13 ,1,2017,15,17,0,14,0,2F-2
280,ELE-PLS13 ,0,0,11,9,0,20,26,
281,ELE-PLS13 ,0,0,5,13,0,19,10,
282,IND-PLS13 ,1,2017,7,14,0,30,29,3F-2
283,ELE-PLS13 ,0,2017,13,7,0,20,32,3F-1
284,ELE-PLS13 ,0,0,0,11,0,0,0,
285,ELE-PLS13 ,0,0,7,0,0,0,0,
286,MCT-PLS13 ,0,0,6,0,0,0,0,
287,IND-PLS13 ,0,0,3,5,0,0,0,
288,CIV-PLS13 ,0,0,9,11,0,24,21,
289,IND-PLS13 ,1,2017,15,23,0,0,0,1F-3
290,IND-PLS13 ,0,0,3,14,0,15,10,
291,CIV-PLS13 ,1,2017,13,30,0,0,0,1F-4
292,ELE-PLS13 ,0,0,5,3,0,0,0,
293,CIV-PLS13 ,0,0,7,11,0,10,0,
294,MCT-PLS13 ,0,0,9,3,0,0,0,
295,CIV-PLS13 ,1,2017,19,11,0,0,0,"1F-1,2F-2"
296,ELE-PLS13 ,1,2017,13,23,0,24,50,3F-4
297,IND-PLS13 ,0,0,2,0,0,0,0,
298,CIV-PLS13 ,0,0,8,18,0,19,20,
299,CIV-PLS13 ,0,0,10,9,0,14,16,
300,MCT-PLS13 ,1,2017,12,21,0,0,0,"1F-1,2F-1,3F-3"
301,IND-PLS13 ,0,2017,7,21,0,30,22,3F-1
302,CIV-PLS13 ,1,2017,12,21,0,0,0,1F-2
303,CIV-PLS13 ,1,2017,10,25,0,0,0,1F-3
304,CIV-PLS13 ,0,0,4,12,0,12,4,
305,ELE-PLS13 ,1,2017,16,23,0,0,0,"1F-1,2F-2"
306,ELE-PLS13 ,0,0,3,0,0,0,0,
307,ELE-PLS13 ,0,0,10,10,0,20,6,
308,ELE-PLS13 ,0,0,8,2,0,0,0,
309,CIV-PLS13 ,1,2017,16,14,0,20,38,3F-3
310,CIV-PLS13 ,0,2017,5,24,0,0,0,"1F-1,2F-1"
311,ELE-PLS13 ,0,2017,12,22,0,33,34,3F-1
312,CIV-PLS13 ,0,0,3,7,0,0,0,
313,CIV-PLS13 ,0,2017,12,18,0,23,20,3F-1
314,ELE-PLS13 ,1,2017,9,18,0,30,0,2F-2
315,CIV-PLS13 ,1,2017,14,21,0,46,0,2F-4
316,CIV-PLS13 ,0,0,0,0,0,0,0,
317,ELE-PLS13 ,1,2016,14,11,0,0,0,"1F-1,2F-3"
318,CIV-PLS13 ,0,0,1,3,0,0,0,
319,CIV-PLS13 ,0,0,14,10,0,21,20,
320,ELE-PLS13 ,0,0,12,14,0,0,2,
321,CIV-PLS13 ,0,0,7,15,0,29,26,
322,IND-PLS13 ,0,0,5,16,0,4,10,
323,CIV-PLS13 ,0,0,13,12,0,10,12,
324,CIV-PLS13 ,1,2017,9,21,0,20,20,3F-2
325,CIV-PLS13 ,1,2017,7,16,0,8,30,3F-2
326,MCT-PLS13 ,0,0,7,8,0,15,24,
327,CIV-PLS13 ,1,2017,13,18,0,0,0,"1F-1,2F-2"
328,CIV-PLS13 ,1,2017,14,11,0,28,0,2F-3
329,ELE-PLS13 ,0,2017,10,16,0,16,29,
330,CIV-PLS13 ,1,2017,15,16,0,0,0,"1F-1,2F-3"
331,ELE-PLS13 ,0,2016,8,0,0,0,0,
332,CIV-PLS13 ,1,2017,17,14,0,26,42,3F-3
333,IND-PLS13 ,0,0,6,13,0,10,16,
334,IND-PLS13 ,1,2017,11,21,0,0,0,"1F-1,2F-2"
335,ELE-PLS13 ,0,0,3,12,0,22,14,
336,CIV-PLS13 ,0,2017,9,10,0,25,32,3F-1
337,ELE-PLS13 ,0,2017,15,10,0,21,30,3F-1
338,ELE-PLS13 ,1,2017,8,21,0,27,34,3F-2
339,ELE-PLS13 ,0,0,4,6,0,0,0,
340,ELE-PLS13 ,0,0,0,0,0,0,0,
341,ELE-PLS13 ,1,2017,12,17,0,29,0,2F-2
342,ELE-PLS13 ,0,0,11,13,0,0,0,
343,CIV-PLS13 ,0,2017,5,17,0,25,40,3F-1
344,CIV-PLS13 ,0,0,0,8,0,0,0,
345,MCT-PLS13 ,1,2017,14,8,0,33,0,2F-3
346,IND-PLS13 ,0,0,10,10,0,4,0,
347,ELE-PLS13 ,0,0,7,9,0,28,27,
348,CIV-PLS13 ,0,2017,12,23,0,0,0,"1F-1,2F-1,3F-1"
349,ELE-PLS13 ,0,0,0,0,0,0,0,
350,CIV-PLS13 ,0,0,0,0,0,0,0,
351,ELE-PLS13 ,0,0,5,11,0,16,28,
352,CIV-PLS13 ,0,0,5,0,0,0,0,
353,CIV-PLS13 ,0,0,14,14,0,26,26,
354,CIV-PLS13 ,0,2017,12,3,0,12,28,3F-1
355,CIV-PLS13 ,1,2017,11,15,0,29,0,2F-2
356,MCT-PLS13 ,1,2017,14,13,0,33,0,2F-2
357,IND-PLS13 ,0,0,6,7,0,0,0,
358,CIV-PLS13 ,0,0,8,7,0,20,25,
359,ELE-PLS13 ,0,0,6,9,0,26,24,
360,CIV-PLS13 ,0,0,0,0,0,0,0,
361,MCT-PLS13 ,0,0,10,10,0,12,18,
362,MCT-PLS13 ,1,2017,12,17,0,0,0,1F-2
363,CIV-PLS13 ,0,2017,11,4,0,20,34,3F-1
364,CIV-PLS13 ,0,0,10,9,0,8,20,
365,MCT-PLS13 ,1,2017,19,17,0,0,0,"1F-1,2F-1,3F-3"
366,IND-PLS13 ,0,0,4,16,0,23,6,
367,IND-PLS13 ,0,0,1,15,0,0,2,
368,ELE-PLS13 ,0,2017,8,18,0,26,30,3F-1
369,IND-PLS13 ,0,0,5,11,0,18,14,
370,CIV-PLS13 ,0,0,4,0,0,0,0,
371,MCT-PLS13 ,0,0,9,0,0,0,0,
372,IND-PLS13 ,0,0,6,9,0,4,10,
373,CIV-PLS13 ,0,0,9,10,0,18,20,
374,CIV-PLS13 ,0,0,5,7,0,0,0,
375,IND-PLS13 ,0,0,6,2,0,0,0,
376,ELE-PLS13 ,0,0,13,11,0,28,26,
377,CIV-PLS13 ,1,2017,17,22,0,0,0,1F-3
378,CIV-PLS13 ,0,0,8,9,0,16,4,
379,CIV-PLS13 ,1,2017,21,31,0,0,0,1F-5
380,MCT-PLS13 ,1,2017,8,19,0,30,0,2F-2
381,IND-PLS13 ,0,0,10,18,0,20,14,
382,CIV-PLS13 ,0,0,0,0,0,0,0,
383,CIV-PLS13 ,0,0,4,0,0,0,0,
384,CIV-PLS13 ,0,0,11,16,0,25,22,
385,CIV-PLS13 ,0,2017,9,12,0,14,32,3F-1
386,MEC-PLS13 ,1,2017,11,18,0,16,26,3F-2
387,MEC-PLS13 ,0,0,8,7,0,20,12,
388,MCT-PLS13 ,0,0,4,11,0,15,6,
389,ELE-PLS13 ,0,0,7,15,0,17,16,
390,IND-PLS13 ,0,2016,0,0,0,0,0,3F-1
391,MCT-PLS13 ,1,2017,16,11,0,31,0,2F-2
392,ELE-PLS13 ,0,0,3,15,0,22,20,
393,CIV-PLS13 ,0,0,4,21,0,25,24,
394,ELE-PLS13 ,1,2017,17,21,0,0,0,"1F-1,2F-2"
395,CIV-PLS13 ,0,0,7,19,0,12,16,
396,MCT-PLS13 ,0,0,5,12,0,6,20,
397,IND-PLS13 ,0,0,12,16,0,16,20,
398,CIV-PLS13 ,0,0,5,15,0,20,0,
399,CIV-PLS13 ,0,0,4,11,0,12,10,
400,MCT-PLS13 ,0,0,9,2,0,0,0,
401,CIV-PLS13 ,0,2017,12,21,0,29,0,"2F-1,3F-1"
402,IND-PLS13 ,0,0,12,8,0,0,10,
403,MCT-PLS13 ,0,0,13,11,0,27,18,
404,ELE-PLS13 ,1,2017,11,22,0,0,0,1F-2
405,CIV-PLS13 ,1,2017,14,20,0,0,0,1F-2
406,CIV-PLS13 ,0,0,2,0,0,0,0,
407,ELE-PLS13 ,0,0,5,14,0,6,15,
408,MEC-PLS13 ,0,0,1,1,0,0,0,
409,ELE-PLS13 ,1,2017,14,3,0,12,30,3F-2
410,ELE-PLS13 ,0,0,11,13,0,10,18,
411,ELE-PLS13 ,0,0,5,7,0,0,0,
412,CIV-PLS13 ,0,0,1,11,0,0,0,
413,ELE-PLS13 ,0,2016,13,18,0,17,20,3F-1
414,ELE-PLS13 ,0,0,2,10,0,0,0,
415,ELE-PLS13 ,0,0,12,6,0,0,10,
416,CIV-PLS13 ,0,0,5,7,0,0,0,
417,IND-PLS13 ,1,2017,9,17,0,26,48,3F-4
418,ELE-PLS13 ,0,0,17,8,0,12,18,
419,CIV-PLS13 ,1,2016,7,11,0,0,0,"1F-1,2F-2"
420,MCT-PLS13 ,0,0,5,0,0,0,0,
421,CIV-PLS13 ,0,0,7,11,0,0,0,
422,CIV-PLS13 ,0,0,15,12,0,20,10,
423,MCT-PLS13 ,0,0,4,8,0,0,0,
424,ELE-PLS13 ,0,0,0,20,0,27,12,
425,MEC-PLS13 ,0,0,15,2,0,11,10,
426,CIV-PLS13 ,1,2017,17,15,0,28,0,2F-3
427,CIV-PLS13 ,0,0,3,5,0,0,0,
428,CIV-PLS13 ,1,2016,12,23,0,24,0,2F-3
429,ELE-PLS13 ,0,0,0,0,0,0,0,
430,IND-PLS13 ,0,0,1,1,0,0,0,
431,IND-PLS13 ,1,2017,18,27,0,0,0,1F-3
432,MCT-PLS13 ,1,2017,21,22,0,0,0,1F-3
433,CIV-PLS13 ,1,2017,11,23,0,0,0,1F-2
434,CIV-PLS13 ,0,0,11,1,0,0,0,
435,CIV-PLS13 ,0,2016,0,0,0,0,0,
436,ELE-PLS13 ,0,0,10,10,0,14,11,
437,CIV-PLS13 ,1,2017,9,16,0,21,34,3F-2
438,CIV-PLS13 ,0,2017,13,19,0,24,0,"2F-1,3F-1"
439,IND-PLS13 ,0,2017,15,19,0,18,24,3F-1
440,CIV-PLS13 ,1,2017,11,20,0,0,0,"1F-1,2F-2"
441,ELE-PLS13 ,1,2017,11,17,0,16,42,3F-2
442,ELE-PLS13 ,1,2017,18,25,0,0,0,1F-4
443,CIV-PLS13 ,1,2016,10,25,0,22,0,2F-3
444,CIV-PLS13 ,0,0,3,0,0,0,0,
445,ELE-PLS13 ,0,2017,10,9,0,27,18,3F-1
446,CIV-PLS13 ,0,0,2,11,0,0,0,
447,ELE-PLS13 ,0,0,0,0,0,0,0,
448,ELE-PLS13 ,0,2017,9,21,0,0,0,"1F-1,2F-1,3F-1"
449,ELE-PLS13 ,0,2017,8,20,0,14,0,2F-1
450,MCT-PLS13 ,0,0,14,3,0,4,10,
451,ELE-PLS13 ,0,2017,9,8,0,16,30,
452,CIV-PLS13 ,1,2017,18,19,0,0,0,1F-3
453,IND-PLS13 ,0,0,3,14,0,21,19,
454,CIV-PLS13 ,1,2017,17,20,0,0,0,1F-3
455,ELE-PLS13 ,0,0,6,7,0,0,0,
456,ELE-PLS13 ,0,0,12,0,0,0,0,
457,IND-PLS13 ,0,0,4,0,0,0,0,
458,MCT-PLS13 ,0,0,11,8,0,16,8,
459,ELE-PLS13 ,0,2017,6,14,0,12,31,3F-1
460,MCT-PLS13 ,1,2017,15,7,0,12,34,3F-3
461,IND-PLS13 ,0,0,9,8,0,20,22,
462,CIV-PLS13 ,0,2016,13,18,0,0,0,"1F-1,2F-1,3F-1"
463,ELE-PLS13 ,0,0,3,7,0,0,0,
464,IND-PLS13 ,1,2017,18,14,0,0,0,2F-2
465,MCT-PLS13 ,0,0,5,11,0,14,22,
466,ELE-PLS13 ,0,0,6,17,0,24,16,
467,ELE-PLS13 ,0,0,4,11,0,17,8,
468,CIV-PLS13 ,0,0,5,4,0,0,0,
469,ELE-PLS13 ,0,0,3,12,0,12,18,
470,IND-PLS13 ,0,0,7,0,0,0,0,
471,CIV-PLS13 ,0,0,0,0,0,0,0,
472,MCT-PLS13 ,1,2017,18,18,0,0,0,1F-2
473,CIV-PLS13 ,0,0,11,9,0,6,8,
474,IND-PLS13 ,0,2017,5,21,0,29,0,"2F-1,3F-1"
475,CIV-PLS13 ,0,2017,17,12,0,0,4,3F-1
476,CIV-PLS13 ,1,2017,13,24,0,38,0,2F-5
477,CIV-PLS13 ,0,0,6,14,0,0,4,
478,ELE-PLS13 ,0,2017,13,17,0,20,34,3F-1
479,CIV-PLS13 ,0,0,13,6,0,0,0,
480,MCT-PLS13 ,0,0,6,0,0,0,0,
481,CIV-PLS13 ,1,2017,12,13,0,10,28,3F-2
482,CIV-PLS13 ,0,0,11,11,0,20,22,
483,CIV-PLS13 ,0,0,2,2,0,0,0,
484,ELE-PLS13 ,0,0,4,0,0,0,0,
485,MEC-PLS13 ,0,0,15,13,0,0,0,
486,CIV-PLS13 ,0,0,5,11,0,8,4,
487,ELE-PLS13 ,1,2017,16,13,0,21,6,3F-2
488,CIV-PLS13 ,1,2017,18,21,0,0,0,1F-3
489,ELE-PLS13 ,1,2017,13,18,0,0,0,"1F-1,2F-2"
490,ELE-PLS13 ,0,0,0,7,0,0,0,
491,CIV-PLS13 ,0,2017,7,8,0,30,0,"2F-1,3F-1"
492,ELE-PLS13 ,1,2017,2,18,0,29,0,2F-2
493,ELE-PLS13 ,1,2017,16,24,0,0,0,1F-2
494,CIV-PLS13 ,0,0,8,8,0,9,6,
495,CIV-PLS13 ,1,2016,17,23,0,30,28,3F-2
496,CIV-PLS13 ,0,0,0,0,0,0,0,
497,ELE-PLS13 ,0,0,11,18,0,0,10,
498,CIV-PLS13 ,0,0,5,13,0,0,12,
499,CIV-PLS13 ,1,2017,8,22,0,0,0,1F-2
500,CIV-PLS13 ,1,2017,13,20,0,0,0,"1F-1,2F-2"
501,MCT-PLS13 ,0,0,8,15,0,9,26,
502,ELE-PLS13 ,1,2017,21,14,0,28,42,3F-4
503,ELE-PLS13 ,0,0,0,0,0,0,0,
504,MCT-PLS13 ,1,2017,7,22,0,28,0,2F-2
505,IND-PLS13 ,1,2017,7,17,0,24,46,3F-3
506,IND-PLS13 ,0,0,9,9,0,11,18,
507,MCT-PLS13 ,1,2017,10,17,0,10,24,3F-2
508,ELE-PLS13 ,0,2017,12,23,0,26,26,3F-1
509,CIV-PLS13 ,0,0,7,0,0,0,0,
510,CIV-PLS13 ,0,0,2,0,0,0,0,
511,CIV-PLS13 ,0,0,0,0,0,0,0,
512,MCT-PLS13 ,0,2017,7,15,0,16,30,3F-1
513,MEC-PLS13 ,0,0,13,6,0,0,0,
514,ELE-PLS13 ,0,0,0,15,0,20,26,
515,ELE-PLS13 ,0,2017,10,12,0,31,0,"2F-1,3F-1"
516,CIV-PLS13 ,0,0,4,6,0,0,0,
517,ELE-PLS13 ,1,2017,14,22,0,40,0,2F-4
518,ELE-PLS13 ,0,0,6,4,0,0,0,
519,ELE-PLS13 ,1,2017,16,28,0,0,0,1F-4
520,CIV-PLS13 ,0,0,11,10,0,8,12,
521,MCT-PLS13 ,0,2017,15,14,0,20,34,3F-1
522,ELE-PLS13 ,0,0,4,0,0,0,0,
523,ELE-PLS13 ,1,2016,11,24,0,0,0,1F-2
524,CIV-PLS13 ,1,2017,16,27,0,0,0,1F-4
525,CIV-PLS13 ,0,0,2,9,0,0,0,
526,IND-PLS13 ,0,0,6,11,0,12,10,
527,ELE-PLS13 ,0,0,10,3,0,0,0,
528,CIV-PLS13 ,0,0,0,0,0,0,0,
529,CIV-PLS13 ,0,0,10,18,0,15,13,
530,CIV-PLS13 ,1,2017,7,24,0,26,26,3F-2
531,ELE-PLS13 ,0,2017,17,11,0,0,0,"2F-1,3F-1"
532,CIV-PLS13 ,1,2017,20,28,0,0,0,1F-5
533,CIV-PLS13 ,1,2017,19,26,0,0,0,1F-4
534,CIV-PLS13 ,0,0,7,0,0,0,0,
535,CIV-PLS13 ,0,0,7,8,0,0,7,
536,ELE-PLS13 ,1,2017,17,11,0,0,0,"1F-1,2F-2"
537,CIV-PLS13 ,0,2017,6,22,0,18,32,3F-1
538,MCT-PLS13 ,0,0,0,12,0,0,0,
539,CIV-PLS13 ,0,2017,11,15,0,18,33,3F-1
540,IND-PLS09 ,0,0,0,0,0,0,0,
541,MCT-PLS09 ,0,0,4,0,0,0,0,
542,IND-PLS09 ,0,0,0,0,0,0,0,
543,ELE-PLS09 ,0,2017,11,13,0,31,0,"2F-1,3F-1"
544,IND-PLS09 ,0,0,12,0,0,0,0,
545,MEC-PLS09 ,0,0,0,0,0,0,0,
546,MEC-PLS09 ,0,2016,10,0,0,0,0,"1F-1,2F-1,3F-1"
547,ELE-PLS09 ,0,0,0,0,0,0,0,
548,ELE-PLS09 ,0,0,10,7,0,12,6,
549,CIV-PLS09 ,0,0,15,10,0,18,16,
550,MEC-PLS09 ,1,2016,11,0,0,0,0,1F-2
551,CIV-PLS09 ,0,2016,14,0,0,0,0,"1F-1,2F-1"
552,CIV-PLS09 ,1,2016,15,19,0,25,18,3F-3
553,CIV-PLS09 ,0,0,4,0,0,0,0,
554,CIV-PLS09 ,0,0,9,15,0,12,0,
555,CIV-PLS09 ,0,0,7,19,0,21,16,
556,MEC-PLS09 ,0,2016,14,14,0,0,0,1F-1
557,CIV-PLS09 ,0,0,2,0,0,0,0,
558,ELE-PLS09 ,0,0,0,0,0,0,0,
559,ELE-PLS09 ,0,2016,0,0,0,0,0,
560,MEC-PLS09 ,1,2016,17,17,0,0,0,1F-2
561,MEC-PLS09 ,0,0,9,0,0,0,0,
562,ELE-PLS09 ,0,0,17,0,0,0,0,
563,CIV-PLS09 ,0,2017,13,5,0,10,28,3F-1
564,ELE-PLS09 ,0,0,10,10,0,14,26,
565,MEC-PLS09 ,0,0,2,14,0,2,10,
566,CIV-PLS09 ,0,2017,10,21,0,0,0,"1F-1,2F-1,3F-1"
567,ELE-PLS09 ,0,0,1,10,0,0,0,
568,ELE-PLS09 ,0,0,11,16,0,0,10,
569,MEC-PLS09 ,0,0,12,7,0,6,14,
570,IND-PLS09 ,0,0,0,0,0,0,0,
571,ELE-PLS09 ,0,0,8,2,0,0,0,
572,ELE-PLS09 ,0,0,10,0,0,0,0,
573,CIV-PLS09 ,0,0,6,6,0,0,0,
574,CIV-PLS09 ,0,0,14,8,0,0,20,
575,ELE-PLS09 ,0,0,3,3,0,0,0,
576,ELE-PLS09 ,1,2017,16,14,0,0,0,"1F-1,2F-1,3F-2"
577,CIV-PLS09 ,0,0,0,0,0,0,0,
578,MEC-PLS09 ,0,0,3,7,0,0,0,
579,ELE-PLS09 ,1,2017,18,20,0,0,0,1F-2
580,MEC-PLS09 ,0,0,0,0,0,0,0,
581,CIV-PLS09 ,0,0,3,1,0,0,0,
582,ELE-PLS09 ,0,0,10,14,0,18,24,
583,MCT-PLS09 ,0,0,4,0,0,0,0,
584,CIV-PLS09 ,1,2016,12,0,0,0,0,"1F-1,2F-2"
585,CIV-PLS09 ,0,0,9,9,0,0,0,
586,CIV-PLS09 ,0,0,4,7,0,0,0,
587,IND-PLS09 ,0,0,3,6,0,0,0,
588,CIV-PLS09 ,0,0,9,3,0,0,0,
589,CIV-PLS09 ,0,0,1,0,0,0,0,
590,MEC-PLS09 ,0,0,6,12,0,10,10,
591,ELE-PLS09 ,0,2016,0,0,0,0,0,2F-1
592,IND-PLS13 ,0,0,0,0,0,0,0,
593,IND-PLS13 ,0,0,2,0,0,0,0,
594,MCT-PLS13 ,0,2017,9,20,0,36,0,2F-1
595,ELE-PLS13 ,0,2018,10,25,0,0,0,2F-1
596,MCT-PLS13 ,0,0,3,12,0,0,0,
597,ELE-PLS13 ,0,0,14,12,0,22,0,
598,MCT-PLS13 ,0,2017,0,0,0,0,0,
599,ELE-PLS13 ,1,2018,5,10,0,34,0,2F-3
600,CIV-PLS13 ,1,2018,16,26,0,0,0,1F-4
601,CIV-PLS13 ,0,0,5,0,0,0,0,
602,MCT-PLS13 ,0,0,7,11,0,0,0,
603,ELE-PLS13 ,1,2018,10,21,0,0,0,"1F-1,2F-2"
604,CIV-PLS13 ,0,2018,9,21,0,0,0,"1F-1,2F-1"
605,ELE-PLS13 ,1,2018,15,19,0,0,0,1F-2
606,ELE-PLS13 ,1,2017,0,0,0,0,0,2F-2
607,ELE-PLS13 ,1,2017,10,22,0,0,0,1F-2
608,MCT-PLS13 ,0,0,6,9,0,22,0,
609,ELE-PLS13 ,0,2017,14,11,0,26,0,2F-1
610,MCT-PLS13 ,1,2018,14,21,0,0,0,1F-2
611,MCT-PLS13 ,1,2017,15,23,0,0,0,1F-2
612,IND-PLS13 ,0,0,13,10,0,16,0,
613,ELE-PLS13 ,0,2018,10,20,0,34,0,
614,MCT-PLS13 ,1,2018,15,24,0,0,0,1F-3
615,CIV-PLS13 ,0,0,9,0,0,0,0,
616,ELE-PLS13 ,1,2018,9,17,0,31,0,2F-2
617,ELE-PLS13 ,0,0,12,16,0,26,0,
618,IND-PLS13 ,1,2018,11,20,0,0,0,1F-2
619,CIV-PLS13 ,0,2017,8,10,0,0,0,
620,ELE-PLS13 ,1,2018,14,14,0,0,0,1F-2
621,CIV-PLS13 ,0,0,5,10,0,28,0,
622,MCT-PLS13 ,0,0,0,0,0,0,0,
623,CIV-PLS13 ,1,2018,10,30,0,0,0,1F-4
624,ELE-PLS13 ,0,2017,0,0,0,0,0,
625,CIV-PLS13 ,0,2018,15,8,0,30,0,
626,IND-PLS13 ,1,2017,16,0,0,32,0,2F-2
627,MCT-PLS13 ,1,2018,13,30,0,0,0,1F-4
628,ELE-PLS13 ,1,2018,12,26,0,0,0,1F-2
629,CIV-PLS13 ,1,2018,12,21,0,0,0,1F-2
630,CIV-PLS13 ,1,2018,12,20,0,0,0,1F-2
631,ELE-PLS13 ,0,0,10,4,0,0,0,
632,ELE-PLS13 ,0,0,9,11,0,0,0,
633,MCT-PLS13 ,0,0,8,7,0,20,0,
634,ELE-PLS13 ,0,2018,10,9,0,30,0,
635,CIV-PLS13 ,0,0,12,3,0,24,0,
636,CIV-PLS13 ,0,0,14,4,0,0,0,
637,CIV-PLS13 ,1,2018,13,10,0,32,0,2F-2
638,ELE-PLS13 ,0,0,3,13,0,0,0,
639,CIV-PLS13 ,0,2018,17,17,0,0,0,2F-1
640,CIV-PLS13 ,1,2018,15,22,0,0,0,"1F-1,2F-3"
641,CIV-PLS13 ,1,2018,11,18,0,0,0,1F-2
642,CIV-PLS13 ,1,2018,15,18,0,0,0,1F-3
643,IND-PLS13 ,0,2017,0,0,0,0,0,1F-1
644,CIV-PLS13 ,1,2017,12,16,0,0,0,2F-3
645,CIV-PLS13 ,0,2018,7,9,0,32,0,2F-1
646,CIV-PLS13 ,0,0,9,13,0,10,0,
647,ELE-PLS13 ,1,2017,13,17,0,0,0,"1F-1,2F-2"
648,CIV-PLS13 ,1,2018,13,18,0,0,0,1F-2
649,ELE-PLS13 ,0,0,10,13,0,0,0,
650,MCT-PLS13 ,0,0,5,1,0,0,0,
651,CIV-PLS13 ,0,0,0,12,0,0,0,
652,ELE-PLS13 ,0,2018,14,22,0,0,0,2F-1
653,ELE-PLS13 ,1,2018,12,20,0,0,0,1F-2
654,IND-PLS13 ,1,2018,10,21,0,0,0,1F-2
655,MEC-PLS13 ,0,0,0,0,0,0,0,
656,MCT-PLS13 ,0,2018,12,17,0,0,0,1F-1
657,MCT-PLS13 ,0,0,10,8,0,26,0,
658,MCT-PLS13 ,0,0,0,0,0,0,0,
659,CIV-PLS13 ,0,2017,14,12,0,0,0,
660,CIV-PLS13 ,0,0,9,2,0,0,0,
661,CIV-PLS13 ,1,2018,14,26,0,0,0,1F-5
662,CIV-PLS13 ,1,2018,13,16,0,32,0,2F-2
663,IND-PLS13 ,1,2018,13,22,0,0,0,1F-2
664,ELE-PLS13 ,1,2018,12,18,0,0,0,1F-3
665,MCT-PLS13 ,0,2018,12,15,0,34,0,2F-1
666,MCT-PLS13 ,0,0,14,17,0,0,0,
667,MCT-PLS13 ,1,2017,13,20,0,0,0,1F-2
668,CIV-PLS13 ,0,0,7,18,0,18,0,
669,ELE-PLS13 ,0,0,0,0,0,0,0,
670,CIV-PLS13 ,1,2018,0,16,0,33,0,2F-2
671,MCT-PLS13 ,0,0,0,0,0,0,0,
672,ELE-PLS13 ,1,2018,12,23,0,0,0,1F-2
673,MCT-PLS13 ,0,2018,14,28,0,0,0,
674,ELE-PLS13 ,0,0,13,12,0,0,0,
675,ELE-PLS13 ,1,2018,11,15,0,0,0,2F-2
676,CIV-PLS13 ,1,2017,21,20,0,0,0,1F-2
677,MEC-PLS13 ,0,0,3,0,0,0,0,
678,CIV-PLS13 ,1,2018,17,14,0,0,0,1F-2
679,MEC-PLS13 ,1,2017,17,18,0,0,0,1F-2
680,MEC-PLS13 ,0,2018,12,17,0,0,0,
681,ELE-PLS13 ,0,0,9,6,0,0,0,
682,MEC-PLS13 ,0,0,4,3,0,0,0,
683,CIV-PLS13 ,1,2018,0,17,0,44,0,2F-3
684,MCT-PLS13 ,0,0,7,9,0,22,0,
685,CIV-PLS13 ,1,2017,14,27,0,0,0,1F-4
686,CIV-PLS13 ,1,2018,13,24,0,0,0,1F-3
687,MCT-PLS13 ,1,2017,17,26,0,0,0,1F-4
688,ELE-PLS13 ,1,2017,14,26,0,0,0,1F-3
689,CIV-PLS13 ,1,2017,10,19,0,0,0,1F-2
690,CIV-PLS13 ,1,2017,9,24,0,0,0,1F-2
691,CIV-PLS13 ,0,0,6,0,0,0,0,
692,CIV-PLS13 ,1,2018,13,16,0,0,0,1F-2
693,MCT-PLS13 ,1,2017,16,18,0,0,0,1F-2
694,ELE-PLS13 ,0,0,10,14,0,28,0,
695,ELE-PLS13 ,0,0,11,7,0,0,0,
696,CIV-PLS13 ,0,0,12,14,0,24,0,
697,ELE-PLS13 ,1,2018,17,19,0,0,0,1F-2
698,CIV-PLS13 ,0,0,9,0,0,0,0,
699,MEC-PLS13 ,0,0,7,0,0,0,0,
700,ELE-PLS13 ,1,2018,7,8,0,46,0,2F-4
701,IND-PLS13 ,0,0,15,9,0,19,0,
702,ELE-PLS13 ,0,0,6,11,0,21,0,
703,MCT-PLS13 ,0,0,0,0,0,0,0,
704,IND-PLS13 ,0,0,0,0,0,0,0,
705,CIV-PLS13 ,0,0,9,12,0,0,0,
706,ELE-PLS13 ,0,0,9,4,0,0,0,
707,CIV-PLS13 ,1,2018,13,16,0,0,0,1F-3
708,MCT-PLS13 ,1,2017,13,25,0,0,0,1F-4
709,CIV-PLS13 ,1,2018,17,22,0,26,0,2F-3
710,ELE-PLS13 ,1,2018,23,31,0,0,0,1F-5
711,CIV-PLS13 ,1,2018,13,22,0,40,0,2F-4
712,IND-PLS13 ,1,2018,11,20,0,43,0,2F-5
713,MCT-PLS13 ,1,2018,12,5,0,44,0,2F-3
714,CIV-PLS13 ,0,0,14,0,0,0,0,
715,CIV-PLS13 ,0,2018,17,13,0,10,0,2F-1
716,MEC-PLS13 ,0,0,4,0,0,0,0,
717,MEC-PLS13 ,0,0,12,6,0,28,0,
718,CIV-PLS13 ,1,2018,13,18,0,43,0,2F-5
719,IND-PLS13 ,1,2017,19,12,0,0,0,"1F-1,2F-3"
720,MEC-PLS13 ,0,2018,13,19,0,30,0,
721,MCT-PLS13 ,0,0,0,0,0,0,0,
722,ELE-PLS13 ,0,0,4,5,0,0,0,
723,CIV-PLS13 ,1,2018,10,22,0,0,0,1F-2
724,CIV-PLS13 ,0,2018,15,9,0,30,0,2F-1
725,ELE-PLS13 ,1,2018,10,19,0,31,0,2F-3
726,IND-PLS13 ,0,0,14,8,0,24,0,
727,CIV-PLS13 ,0,2018,9,13,0,29,0,2F-1
728,MCT-PLS13 ,0,2018,13,24,0,0,0,2F-1
729,ELE-PLS13 ,0,0,0,0,0,0,0,
730,IND-PLS13 ,0,2018,11,13,0,34,0,2F-1
731,MCT-PLS13 ,0,2018,7,18,0,38,0,2F-1
732,CIV-PLS13 ,1,2018,22,17,0,0,0,1F-2
733,IND-PLS13 ,0,2018,10,19,0,28,0,
734,IND-PLS13 ,0,0,12,8,0,4,0,
735,IND-PLS13 ,0,0,9,13,0,0,0,
736,IND-PLS13 ,1,2018,14,28,0,0,0,1F-5
737,MCT-PLS13 ,0,0,14,12,0,24,0,
738,IND-PLS13 ,1,2018,10,15,0,52,0,2F-5
739,CIV-PLS13 ,1,2018,15,18,0,0,0,1F-2
740,MEC-PLS13 ,0,2017,11,0,0,0,0,
741,CIV-PLS13 ,1,2018,14,10,0,30,0,2F-2
742,ELE-PLS13 ,1,2018,14,19,0,0,0,"1F-1,2F-2"
743,CIV-PLS13 ,1,2017,14,23,0,0,0,1F-3
744,ELE-PLS13 ,0,0,10,0,0,0,0,
745,CIV-PLS13 ,1,2017,16,13,0,0,0,1F-2
746,MCT-PLS13 ,0,2018,12,14,0,0,0,1F-1
747,CIV-PLS13 ,0,0,2,0,0,0,0,
748,CIV-PLS13 ,0,2018,14,13,0,32,0,2F-1
749,ELE-PLS13 ,1,2018,17,25,0,0,0,1F-3
750,ELE-PLS13 ,1,2017,16,25,0,0,0,1F-4
751,ELE-PLS13 ,0,2018,9,18,0,30,0,2F-1
752,ELE-PLS13 ,0,2018,9,18,0,36,0,
753,ELE-PLS13 ,1,2018,11,13,0,38,0,2F-2
754,ELE-PLS13 ,1,2017,13,22,0,0,0,1F-3
755,ELE-PLS13 ,0,0,7,4,0,0,0,
756,IND-PLS13 ,0,0,2,4,0,0,0,
757,CIV-PLS13 ,1,2018,8,11,0,26,0,2F-2
758,IND-PLS13 ,0,0,12,12,0,27,0,
759,ELE-PLS13 ,0,0,12,15,0,24,0,
760,MCT-PLS13 ,0,2017,8,0,0,0,0,
761,MCT-PLS13 ,0,2018,11,25,0,38,0,
762,CIV-PLS13 ,1,2018,18,22,0,0,0,1F-3
763,CIV-PLS13 ,1,2018,17,17,0,0,0,1F-2
764,IND-PLS13 ,1,2017,14,25,0,0,0,1F-2
765,CIV-PLS13 ,0,0,12,11,0,0,0,
766,ELE-PLS13 ,0,0,2,0,0,0,0,
767,ELE-PLS13 ,0,2018,15,10,0,30,0,2F-1
768,ELE-PLS13 ,1,2018,11,21,0,0,0,"1F-1,2F-2"
769,CIV-PLS13 ,1,2017,10,23,0,0,0,2F-3
770,ELE-PLS13 ,1,2017,18,27,0,0,0,1F-4
771,CIV-PLS13 ,1,2017,16,20,0,0,0,1F-2
772,CIV-PLS13 ,1,2018,12,22,0,0,0,1F-3
773,ELE-PLS13 ,0,2018,11,8,0,31,0,2F-1
774,CIV-PLS13 ,1,2018,15,26,0,0,0,1F-4
775,IND-PLS13 ,1,2018,17,23,0,0,0,"1F-1,2F-2"
776,CIV-PLS13 ,1,2018,19,27,0,0,0,1F-4
777,CIV-PLS13 ,0,0,0,0,0,0,0,
778,MCT-PLS13 ,0,2018,9,21,0,0,0,"1F-1,2F-1"
779,ELE-PLS13 ,0,0,8,7,0,6,0,
780,ELE-PLS13 ,1,2017,8,21,0,0,0,1F-2
781,ELE-PLS13 ,0,0,8,9,0,28,0,
782,IND-PLS13 ,1,2018,14,15,0,0,0,1F-2
783,ELE-PLS13 ,0,0,11,12,0,24,0,
784,CIV-PLS13 ,1,2017,10,0,0,0,0,1F-2
785,ELE-PLS13 ,1,2017,13,21,0,0,0,1F-4
786,ELE-PLS13 ,0,0,9,14,0,0,0,
787,CIV-PLS13 ,1,2017,14,0,0,0,0,1F-2
788,CIV-PLS13 ,1,2018,15,16,0,24,0,2F-2
789,ELE-PLS13 ,0,2018,13,18,0,0,0,
790,CIV-PLS13 ,1,2018,20,14,0,0,0,1F-3
791,ELE-PLS13 ,0,2018,13,14,0,30,0,
792,CIV-PLS13 ,0,0,11,5,0,18,0,
793,CIV-PLS13 ,1,2018,16,27,0,0,0,1F-4
794,CIV-PLS13 ,1,2017,17,27,0,0,0,1F-5
795,IND-PLS13 ,0,2018,13,16,0,28,0,
796,CIV-PLS13 ,1,2018,14,25,0,0,0,1F-3
797,ELE-PLS13 ,1,2018,12,23,0,0,0,1F-3
798,MCT-PLS13 ,0,0,11,11,0,24,0,
799,CIV-PLS13 ,0,0,9,13,0,14,0,
800,CIV-PLS13 ,1,2017,16,22,0,0,0,1F-2
801,CIV-PLS13 ,0,0,10,15,0,22,0,
802,IND-PLS13 ,1,2018,11,20,0,0,0,1F-2
803,IND-PLS13 ,0,0,0,8,0,0,0,
804,ELE-PLS13 ,1,2017,15,25,0,0,0,1F-3
805,IND-PLS13 ,1,2018,13,18,0,0,0,1F-2
806,IND-PLS13 ,0,0,7,18,0,28,0,
807,CIV-PLS13 ,1,2018,16,12,0,0,0,1F-2
808,CIV-PLS13 ,0,0,8,21,0,26,0,
809,IND-PLS13 ,1,2018,8,20,0,32,0,2F-2
810,CIV-PLS13 ,0,0,15,11,0,16,0,
811,IND-PLS13 ,1,2018,10,11,0,36,0,2F-3
812,CIV-PLS13 ,0,0,0,0,0,0,0,
813,CIV-PLS13 ,0,2018,15,8,0,29,0,2F-1
814,CIV-PLS13 ,1,2018,17,25,0,0,0,1F-4
815,ELE-PLS13 ,0,2017,8,0,0,0,0,"1F-1,2F-1"
816,MEC-PLS13 ,0,2018,11,20,0,0,0,"1F-1,2F-1"
817,ELE-PLS13 ,1,2018,19,18,0,0,0,1F-2
818,IND-PLS13 ,1,2018,15,17,0,0,0,1F-2
819,ELE-PLS13 ,1,2018,17,25,0,0,0,1F-4
820,CIV-PLS13 ,1,2018,16,24,0,0,0,1F-2
821,IND-PLS13 ,0,0,0,19,0,0,0,
822,MCT-PLS13 ,0,2018,17,19,0,0,0,
823,ELE-PLS13 ,0,0,2,0,0,0,0,
824,IND-PLS13 ,1,2018,14,22,0,0,0,1F-4
825,CIV-PLS13 ,1,2018,9,11,0,29,0,2F-2
826,CIV-PLS13 ,1,2017,16,14,0,25,0,2F-2
827,IND-PLS13 ,0,0,14,8,0,23,0,
828,MCT-PLS13 ,0,0,0,18,0,0,0,
829,CIV-PLS13 ,0,0,6,1,0,0,0,
830,IND-PLS13 ,1,2018,9,23,0,0,0,1F-3
831,ELE-PLS13 ,0,2018,6,19,0,30,0,2F-1
832,CIV-PLS13 ,0,0,6,9,0,25,0,
833,ELE-PLS13 ,1,2018,18,20,0,20,0,2F-4
834,ELE-PLS13 ,0,0,8,12,0,0,0,
835,ELE-PLS13 ,0,0,12,10,0,25,0,
836,ELE-PLS13 ,0,0,3,0,0,0,0,
837,ELE-PLS13 ,1,2018,13,22,0,46,0,2F-5
838,MCT-PLS13 ,0,0,5,0,0,0,0,
839,CIV-PLS13 ,1,2018,11,17,0,0,0,1F-2
840,MCT-PLS13 ,0,0,6,14,0,0,0,
841,ELE-PLS13 ,0,0,4,5,0,0,0,
842,MEC-PLS13 ,0,2018,10,21,0,0,0,
843,CIV-PLS13 ,1,2018,18,18,0,0,0,"1F-1,2F-2"
844,IND-PLS13 ,0,0,0,0,0,0,0,
845,CIV-PLS13 ,0,0,8,7,0,16,0,
846,MEC-PLS13 ,0,0,8,0,0,0,0,
847,CIV-PLS13 ,1,2017,17,25,0,0,0,1F-3
848,IND-PLS13 ,0,0,7,15,0,23,0,
849,IND-PLS13 ,1,2017,14,28,0,0,0,1F-3
850,CIV-PLS13 ,0,2017,9,0,0,0,0,"1F-1,2F-1"
851,ELE-PLS13 ,1,2017,14,16,0,0,0,1F-2
852,CIV-PLS13 ,0,0,4,0,0,0,0,
853,ELE-PLS13 ,1,2018,13,23,0,0,0,1F-4
854,ELE-PLS13 ,0,2017,0,3,0,28,0,
855,ELE-PLS13 ,1,2017,10,17,0,0,0,1F-3
856,IND-PLS13 ,1,2018,8,21,0,0,0,1F-2
857,ELE-PLS13 ,0,0,11,12,0,24,0,
858,ELE-PLS13 ,1,2018,19,22,0,0,0,1F-3
859,IND-PLS13 ,0,0,6,0,0,0,0,
860,ELE-PLS13 ,1,2017,7,0,0,0,0,"1F-1,2F-2"
861,IND-PLS13 ,1,2018,18,23,0,0,0,1F-4
862,CIV-PLS13 ,1,2018,18,30,0,0,0,1F-5
863,ELE-PLS13 ,0,0,7,9,0,17,0,
864,IND-PLS13 ,1,2018,16,22,0,0,0,1F-4
865,ELE-PLS13 ,1,2018,15,15,0,36,0,2F-2
866,ELE-PLS13 ,1,2018,12,18,0,0,0,1F-2
867,CIV-PLS13 ,1,2018,11,17,0,0,0,"1F-1,2F-2"
868,ELE-PLS13 ,1,2018,12,22,0,0,0,1F-2
869,CIV-PLS13 ,1,2018,13,21,0,30,0,2F-3
870,CIV-PLS13 ,1,2018,11,12,0,47,0,2F-5
871,IND-PLS13 ,1,2017,13,18,0,46,0,2F-3
872,CIV-PLS13 ,1,2017,18,16,0,0,0,"1F-1,2F-2"
873,CIV-PLS13 ,0,0,9,14,0,24,0,
874,CIV-PLS13 ,1,2018,4,24,0,0,0,2F-2
875,ELE-PLS13 ,1,2017,15,30,0,0,0,1F-5
876,CIV-PLS13 ,0,0,12,11,0,27,0,
877,CIV-PLS13 ,0,2018,16,16,0,0,0,"1F-1,2F-1"
878,ELE-PLS13 ,0,0,3,0,0,0,0,
879,MEC-PLS13 ,0,0,0,0,0,0,0,
880,CIV-PLS13 ,1,2018,14,15,0,0,0,1F-2
881,ELE-PLS13 ,0,0,6,10,0,13,0,
882,CIV-PLS13 ,1,2017,11,18,0,0,0,1F-2
883,CIV-PLS13 ,1,2018,9,19,0,33,0,2F-2
884,ELE-PLS13 ,0,0,15,0,0,22,0,
885,CIV-PLS13 ,0,2018,12,19,0,0,0,
886,ELE-PLS13 ,0,2018,8,10,0,31,0,2F-1
887,IND-PLS13 ,0,0,8,10,0,0,0,
888,ELE-PLS13 ,1,2017,15,24,0,0,0,1F-2
889,MCT-PLS13 ,0,2017,14,21,0,0,0,2F-1
890,MEC-PLS13 ,0,2018,14,22,0,28,0,
891,ELE-PLS13 ,1,2017,14,24,0,0,0,1F-4
892,IND-PLS13 ,0,2018,14,9,0,32,0,2F-1
893,ELE-PLS13 ,0,0,6,14,0,0,0,
894,CIV-PLS13 ,0,0,15,11,0,0,0,
895,MCT-PLS13 ,1,2017,17,24,0,0,0,1F-4
896,CIV-PLS13 ,0,0,9,17,0,24,0,
897,IND-PLS13 ,1,2018,8,9,0,30,0,2F-2
898,CIV-PLS13 ,1,2018,16,22,0,0,0,1F-4
899,ELE-PLS13 ,1,2017,15,0,0,0,0,2F-3
900,CIV-PLS13 ,0,0,9,16,0,26,0,
901,CIV-PLS13 ,1,2017,16,26,0,0,0,1F-4
902,MCT-PLS13 ,0,2018,17,22,0,0,0,1F-1
903,CIV-PLS13 ,1,2017,9,21,0,0,0,"1F-1,2F-3"
904,ELE-PLS09 ,0,2017,17,20,0,0,0,1F-1
905,MEC-PLS09 ,0,0,5,2,0,0,0,
906,MEC-PLS09 ,0,0,13,8,0,24,0,
907,ELE-PLS09 ,0,2018,8,8,0,32,0,2F-1
908,CIV-PLS09 ,1,2018,12,19,0,0,0,"1F-1,2F-3"
909,CIV-PLS09 ,1,2018,14,18,0,0,0,1F-3
910,CIV-PLS09 ,1,2018,6,17,0,28,0,2F-2
911,MEC-PLS09 ,1,2018,9,19,0,34,0,2F-2
912,ELE-PLS09 ,0,0,5,0,0,0,0,
913,MEC-PLS09 ,0,0,6,0,0,0,0,
914,CIV-PLS09 ,1,2017,0,0,0,0,0,"1F-1,2F-2"
915,ELE-PLS09 ,0,0,6,4,0,0,0,
916,MEC-PLS09 ,0,0,6,0,0,0,0,
917,CIV-PLS09 ,1,2018,8,7,0,30,0,2F-2
918,MEC-PLS09 ,0,0,10,6,0,0,0,
919,MEC-PLS09 ,0,0,8,13,0,29,0,
920,ELE-PLS09 ,0,2018,14,19,0,0,0,"1F-1,2F-1"
921,MEC-PLS09 ,1,2018,6,18,0,37,0,2F-3
922,ELE-PLS09 ,0,0,8,0,0,0,0,
923,CIV-PLS09 ,0,0,0,0,0,0,0,
924,ELE-PLS09 ,0,0,4,0,0,0,0,
925,CIV-PLS09 ,0,0,0,12,0,0,0,
926,MEC-PLS09 ,0,0,0,0,0,0,0,
927,CIV-PLS09 ,0,0,9,0,0,0,0,
928,ELE-PLS09 ,1,2018,15,16,0,0,0,1F-3
929,CIV-PLS09 ,0,0,5,0,0,0,0,
930,IND-PLS09 ,0,0,6,5,0,0,0,
931,CIV-PLS09 ,0,0,7,9,0,18,0,
932,ELE-PLS09 ,0,0,11,4,0,0,0,
933,MEC-PLS09 ,1,2018,8,22,0,0,0,1F-2
934,ELE-PLS09 ,0,0,8,11,0,0,0,
935,ELE-PLS13 ,0,0,8,8,0,16,27,
936,IND-PLS13 ,1,2018,17,19,0,0,0,1F-4
937,MCT-PLS13 ,0,2018,13,21,0,0,0,3F-1
938,ELE-PLS13 ,0,2018,15,14,0,0,0,"1F-1,2F-1"
939,ELE-PLS13 ,0,2018,17,18,0,0,0,"1F-1,2F-1,3F-1"
940,MCT-PLS13 ,0,2018,12,18,0,24,15,
941,ELE-PLS13 ,0,2018,13,13,0,36,26,
942,CIV-PLS13 ,0,0,0,0,0,0,0,
943,CIV-PLS13 ,0,0,8,5,0,0,0,
944,MCT-PLS13 ,0,0,10,0,0,0,0,
945,CIV-PLS13 ,1,2018,14,24,0,44,0,2F-3
946,CIV-PLS13 ,0,0,0,0,0,0,0,
947,MCT-PLS13 ,0,2018,4,18,0,30,0,"2F-1,3F-1"
948,ELE-PLS13 ,1,2018,9,14,0,48,0,2F-4
949,CIV-PLS13 ,0,0,7,3,0,0,0,
950,IND-PLS13 ,1,2018,13,12,0,33,0,2F-2
951,ELE-PLS13 ,1,2018,10,0,0,0,0,1F-2
952,CIV-PLS13 ,0,2018,15,2,0,32,20,
953,CIV-PLS13 ,0,0,8,0,0,0,0,
954,ELE-PLS13 ,0,0,12,11,0,28,30,
955,CIV-PLS13 ,1,2018,16,21,0,0,0,1F-4
956,MCT-PLS13 ,0,0,6,16,0,0,6,
957,CIV-PLS13 ,0,2018,11,19,0,0,0,"2F-1,3F-1"
958,MCT-PLS13 ,0,2018,6,16,0,0,28,
959,ELE-PLS13 ,1,2018,11,14,0,40,0,2F-4
960,CIV-PLS13 ,1,2018,17,24,0,0,0,1F-4
961,ELE-PLS13 ,0,0,14,9,0,0,0,
962,ELE-PLS13 ,0,2018,15,15,0,0,30,1F-1
963,ELE-PLS13 ,0,2018,8,12,0,40,0,2F-1
964,MEC-PLS13 ,0,2018,12,10,0,0,38,3F-1
965,ELE-PLS13 ,0,2018,6,0,0,34,0,"2F-1,3F-1"
966,CIV-PLS13 ,0,2018,10,16,0,34,0,"2F-1,3F-1"
967,CIV-PLS13 ,0,2018,20,11,0,16,0,"2F-1,3F-1"
968,ELE-PLS13 ,0,2018,11,17,0,0,0,"1F-1,2F-1"
969,MEC-PLS13 ,0,2018,6,10,0,31,31,3F-1
970,MEC-PLS13 ,0,2018,12,13,0,34,0,"2F-1,3F-1"
971,ELE-PLS13 ,0,0,0,0,0,0,0,
972,CIV-PLS13 ,1,2018,10,16,0,0,0,1F-2
973,IND-PLS13 ,0,0,9,6,0,8,20,
974,IND-PLS13 ,0,0,0,0,0,0,0,
975,CIV-PLS13 ,1,2018,8,15,0,0,0,1F-2
976,CIV-PLS13 ,0,0,10,10,0,0,18,
977,CIV-PLS13 ,0,0,8,1,0,0,0,
978,MEC-PLS13 ,0,0,0,0,0,0,0,
979,IND-PLS13 ,0,0,6,13,0,26,25,
980,CIV-PLS13 ,0,2018,18,15,0,0,0,3F-1
981,ELE-PLS13 ,0,0,0,0,0,0,0,
982,MCT-PLS13 ,0,0,10,9,0,0,16,
983,IND-PLS13 ,0,2018,9,8,0,14,32,3F-1
984,CIV-PLS13 ,0,2018,4,11,0,32,0,"2F-1,3F-1"
985,ELE-PLS13 ,0,2018,11,11,0,0,0,3F-1
986,MCT-PLS13 ,1,2018,16,17,0,0,0,1F-2
987,MCT-PLS13 ,1,2018,13,15,0,0,0,1F-3
988,MCT-PLS13 ,0,2018,12,17,0,0,0,1F-1
989,MCT-PLS13 ,0,0,3,0,0,0,0,
990,CIV-PLS13 ,1,2018,12,23,0,0,0,1F-4
991,MCT-PLS13 ,0,2018,15,19,0,0,15,3F-1
992,MEC-PLS13 ,0,2018,7,8,0,15,31,
993,CIV-PLS13 ,1,2018,13,15,0,46,0,2F-5
994,CIV-PLS13 ,1,2018,11,14,0,46,0,2F-4
995,MCT-PLS13 ,1,2018,14,0,0,0,0,1F-2
996,MCT-PLS13 ,0,0,0,0,0,0,0,
997,CIV-PLS13 ,1,2018,16,28,0,0,0,1F-5
998,ELE-PLS13 ,0,0,12,10,0,28,26,
999,MCT-PLS13 ,1,2018,13,17,0,0,0,1F-2
1000,MCT-PLS13 ,0,0,0,0,0,0,0,
1001,ELE-PLS13 ,0,2018,15,11,0,36,0,"2F-1,3F-1"
1002,CIV-PLS13 ,0,0,0,0,0,0,0,
1003,CIV-PLS13 ,0,2018,16,11,0,25,34,3F-1
1004,MCT-PLS13 ,1,2018,0,0,0,0,0,1F-4
1005,CIV-PLS13 ,1,2018,9,9,0,33,0,2F-2
1006,MEC-PLS13 ,1,2018,9,19,0,0,42,"1F-1,3F-2"
1007,MEC-PLS13 ,0,2018,12,8,0,37,0,"2F-1,3F-1"
1008,CIV-PLS13 ,0,0,7,4,0,0,0,
1009,CIV-PLS13 ,0,2018,10,9,0,30,0,"2F-1,3F-1"
1010,MEC-PLS13 ,0,2018,12,10,0,32,0,"2F-1,3F-1"
1011,ELE-PLS13 ,0,0,0,0,0,0,0,
1012,CIV-PLS13 ,0,2018,12,16,0,20,0,"2F-1,3F-1"
1013,CIV-PLS13 ,1,2018,10,22,0,0,0,"1F-1,2F-2"
1014,MEC-PLS13 ,0,2018,11,0,0,0,0,
1015,ELE-PLS13 ,0,2018,11,12,0,44,0,3F-1
1016,MEC-PLS13 ,1,2018,18,14,0,0,0,1F-3
1017,CIV-PLS13 ,1,2018,20,19,0,0,0,1F-4
1018,ELE-PLS13 ,1,2018,11,18,0,46,0,2F-3
1019,CIV-PLS13 ,0,0,0,0,0,0,0,
1020,CIV-PLS13 ,1,2018,10,13,0,30,44,3F-3
1021,ELE-PLS13 ,0,0,8,13,0,24,29,
1022,IND-PLS13 ,0,0,15,13,0,0,0,
1023,MCT-PLS13 ,0,0,9,10,0,0,16,
1024,IND-PLS13 ,1,2018,14,22,0,0,0,1F-4
1025,MCT-PLS13 ,1,2018,11,22,0,0,0,1F-2
1026,ELE-PLS13 ,0,0,13,4,0,0,0,
1027,MCT-PLS13 ,1,2018,15,14,0,0,0,1F-3
1028,MEC-PLS13 ,1,2018,19,23,0,0,0,1F-5
1029,CIV-PLS13 ,1,2018,14,10,0,44,0,2F-4
1030,CIV-PLS13 ,1,2018,19,17,0,40,42,3F-3
1031,CIV-PLS13 ,1,2018,18,18,0,0,0,1F-2
1032,CIV-PLS13 ,0,0,8,0,0,0,0,
1033,IND-PLS13 ,0,0,8,8,0,26,25,
1034,CIV-PLS13 ,0,2018,8,15,0,32,0,
1035,MEC-PLS13 ,1,2018,13,15,0,0,0,1F-4
1036,MEC-PLS13 ,0,0,14,5,0,0,0,
1037,CIV-PLS13 ,0,0,12,0,0,0,0,
1038,CIV-PLS13 ,1,2018,9,18,0,44,0,2F-2
1039,CIV-PLS13 ,0,2018,10,12,0,38,0,"2F-1,3F-1"
1040,ELE-PLS13 ,0,0,18,17,0,0,0,
1041,CIV-PLS13 ,1,2018,4,15,0,48,0,3F-3
1042,ELE-PLS13 ,0,2018,14,16,0,0,0,3F-1
1043,CIV-PLS13 ,1,2018,16,25,0,0,0,1F-4
1044,CIV-PLS13 ,0,0,12,8,0,0,14,
1045,CIV-PLS13 ,1,2018,12,18,0,0,0,"1F-1,2F-1,3F-4"
1046,MCT-PLS13 ,0,0,6,6,0,0,0,
1047,IND-PLS13 ,1,2018,15,13,0,0,0,1F-3
1048,CIV-PLS13 ,1,2018,12,12,0,41,0,2F-5
1049,ELE-PLS13 ,1,2018,13,16,0,42,0,2F-3
1050,CIV-PLS13 ,0,2018,16,8,0,0,30,3F-1
1051,MCT-PLS13 ,1,2018,17,22,0,0,0,"1F-1,2F-3"
1052,IND-PLS13 ,0,0,0,0,0,0,0,
1053,CIV-PLS13 ,0,0,0,0,0,0,0,
1054,MCT-PLS13 ,1,2018,15,16,0,40,0,2F-4
1055,CIV-PLS13 ,0,2018,13,18,0,0,0,"1F-1,2F-1"
1056,MCT-PLS13 ,1,2018,10,5,0,36,0,2F-2
1057,CIV-PLS13 ,0,2018,14,13,0,0,36,3F-1
1058,ELE-PLS13 ,1,2018,4,13,0,52,0,2F-4
1059,CIV-PLS13 ,0,2018,12,16,0,0,0,"1F-1,2F-1"
1060,CIV-PLS13 ,0,0,4,0,0,0,0,
1061,CIV-PLS13 ,1,2018,13,12,0,0,43,"1F-1,3F-2"
1062,IND-PLS13 ,0,0,10,5,0,16,0,
1063,MCT-PLS13 ,1,2018,19,17,0,42,0,2F-4
1064,MEC-PLS13 ,0,0,5,6,0,0,0,
1065,CIV-PLS13 ,0,0,16,10,0,46,0,
1066,ELE-PLS13 ,0,0,15,13,0,0,0,
1067,MEC-PLS13 ,0,2018,12,0,0,0,0,3F-1
1068,MCT-PLS13 ,0,0,6,11,0,0,20,
1069,MCT-PLS13 ,1,2018,12,24,0,43,0,2F-5
1070,CIV-PLS13 ,1,2018,23,30,0,0,0,1F-5
1071,MCT-PLS13 ,0,0,10,12,0,0,0,
1072,ELE-PLS13 ,1,2018,12,19,0,40,0,2F-3
1073,ELE-PLS13 ,0,0,7,0,0,0,0,
1074,IND-PLS13 ,1,2018,17,18,0,0,0,1F-4
1075,CIV-PLS13 ,1,2018,17,12,0,0,0,1F-3
1076,IND-PLS13 ,0,2018,15,13,0,22,35,3F-1
1077,CIV-PLS13 ,0,2018,7,0,0,0,0,"1F-1,2F-1"
1078,MCT-PLS13 ,0,2018,0,0,0,0,0,3F-1
1079,MCT-PLS13 ,0,0,13,0,0,0,0,
1080,ELE-PLS13 ,0,2018,3,12,0,34,0,"2F-1,3F-1"
1081,IND-PLS13 ,1,2018,13,20,0,0,0,"2F-1,3F-2"
1082,CIV-PLS13 ,1,2018,21,14,0,48,0,2F-4
1083,CIV-PLS13 ,1,2018,17,25,0,58,0,2F-5
1084,CIV-PLS13 ,1,2018,17,20,0,0,0,1F-3
1085,CIV-PLS13 ,1,2018,16,10,0,0,0,1F-2
1086,IND-PLS13 ,1,2018,13,11,0,50,0,2F-5
1087,IND-PLS13 ,1,2018,13,16,0,0,0,1F-3
1088,CIV-PLS13 ,0,2018,9,11,0,34,33,3F-1
1089,ELE-PLS13 ,1,2018,11,21,0,31,0,2F-3
1090,ELE-PLS13 ,1,2018,15,14,0,40,0,2F-4
1091,ELE-PLS13 ,0,0,8,0,0,0,0,
1092,IND-PLS13 ,1,2018,14,0,0,30,0,"2F-1,3F-2"
1093,IND-PLS13 ,0,2018,11,12,0,32,0,"2F-1,3F-1"
1094,IND-PLS13 ,1,2018,17,20,0,0,0,1F-2
1095,CIV-PLS13 ,1,2018,18,4,0,14,33,3F-2
1096,ELE-PLS13 ,1,2018,13,17,0,46,0,2F-5
1097,CIV-PLS13 ,0,0,12,12,0,0,0,
1098,CIV-PLS13 ,0,0,2,0,0,0,0,
1099,MCT-PLS13 ,0,2018,13,15,0,38,0,"2F-1,3F-1"
1100,CIV-PLS13 ,0,0,5,0,0,0,0,
1101,MEC-PLS13 ,1,2018,15,15,0,0,0,1F-2
1102,CIV-PLS13 ,0,2018,15,15,0,0,0,"2F-1,3F-1"
1103,MEC-PLS13 ,1,2018,15,16,0,0,0,1F-4
1104,CIV-PLS13 ,0,0,7,13,0,24,46,
1105,ELE-PLS13 ,1,2018,15,24,0,0,0,1F-4
1106,ELE-PLS13 ,0,0,6,5,0,0,0,
1107,CIV-PLS13 ,0,0,12,4,0,0,11,
1108,MCT-PLS13 ,1,2018,9,14,0,31,0,2F-2
1109,CIV-PLS13 ,0,0,13,14,0,16,21,
1110,CIV-PLS13 ,0,2018,6,0,0,0,0,
1111,IND-PLS13 ,0,0,12,10,0,26,18,
1112,ELE-PLS13 ,1,2018,18,15,0,0,0,1F-3
1113,CIV-PLS13 ,1,2018,20,23,0,0,0,1F-4
1114,ELE-PLS13 ,0,2018,11,7,0,0,0,"2F-1,3F-1"
1115,ELE-PLS13 ,1,2018,5,14,0,46,0,2F-4
1116,MCT-PLS13 ,1,2018,11,23,0,52,0,2F-5
1117,ELE-PLS13 ,0,0,10,0,0,0,0,
1118,MCT-PLS13 ,0,0,7,0,0,0,0,
1119,ELE-PLS13 ,0,0,8,7,0,0,18,
1120,IND-PLS13 ,0,2018,10,6,0,30,0,"2F-1,3F-1"
1121,MEC-PLS13 ,0,2018,3,12,0,44,0,3F-1
1122,CIV-PLS13 ,0,0,8,9,0,14,13,
1123,IND-PLS13 ,0,2018,13,16,0,0,0,1F-1
1124,CIV-PLS13 ,1,2018,11,15,0,26,38,3F-3
1125,ELE-PLS13 ,0,0,8,7,0,0,0,
1126,ELE-PLS13 ,1,2018,8,16,0,32,0,2F-3
1127,MCT-PLS13 ,1,2018,7,16,0,32,0,2F-2
1128,MCT-PLS13 ,0,2018,15,19,0,0,0,3F-1
1129,IND-PLS13 ,0,2018,11,9,0,32,10,3F-1
1130,CIV-PLS13 ,1,2018,13,15,0,48,0,2F-5
1131,ELE-PLS13 ,1,2018,17,12,0,50,0,2F-5
1132,ELE-PLS13 ,0,0,0,0,0,0,0,
1133,IND-PLS13 ,0,0,12,0,0,0,0,
1134,ELE-PLS13 ,1,2018,0,0,0,43,0,2F-2
1135,CIV-PLS13 ,0,2018,11,13,0,30,0,"2F-1,3F-1"
1136,CIV-PLS13 ,0,0,0,0,0,0,0,
1137,CIV-PLS13 ,0,2018,12,5,0,29,0,"2F-1,3F-1"
1138,CIV-PLS13 ,0,0,2,13,0,0,0,
1139,CIV-PLS13 ,0,2018,13,3,0,37,0,2F-1
1140,CIV-PLS13 ,1,2018,20,10,0,0,0,"1F-1,2F-2"
1141,CIV-PLS13 ,1,2018,12,15,0,36,0,2F-2
1142,CIV-PLS13 ,1,2018,15,14,0,0,0,"1F-1,2F-2"
1143,CIV-PLS13 ,1,2018,7,22,0,46,0,2F-4
1144,CIV-PLS13 ,0,0,10,2,0,0,0,
1145,ELE-PLS13 ,0,2018,7,0,0,0,0,3F-1
1146,ELE-PLS13 ,0,0,10,0,0,0,0,
1147,MCT-PLS13 ,1,2018,14,12,0,48,0,2F-5
1148,CIV-PLS13 ,0,2018,12,11,0,27,34,
1149,MCT-PLS13 ,0,2018,10,0,0,36,0,2F-1
1150,CIV-PLS13 ,1,2018,13,26,0,39,0,2F-4
1151,ELE-PLS13 ,1,2018,8,8,0,48,0,2F-2
1152,ELE-PLS13 ,0,2018,13,16,0,0,0,2F-1
1153,ELE-PLS13 ,0,2018,16,12,0,0,0,2F-1
1154,CIV-PLS13 ,0,2018,11,11,0,17,29,3F-1
1155,ELE-PLS13 ,0,2018,11,19,0,0,21,
1156,ELE-PLS13 ,0,2018,16,15,0,0,0,"1F-1,2F-1,3F-1"
1157,ELE-PLS13 ,0,0,6,5,0,0,0,
1158,ELE-PLS13 ,0,2018,11,23,0,0,0,1F-1
1159,CIV-PLS13 ,0,0,17,7,0,0,0,
1160,CIV-PLS13 ,0,2018,10,5,0,28,0,3F-1
1161,IND-PLS13 ,0,2018,16,14,0,0,0,"1F-1,2F-1"
1162,ELE-PLS13 ,1,2018,15,24,0,50,0,2F-5
1163,IND-PLS13 ,1,2018,12,23,0,0,0,1F-4
1164,ELE-PLS13 ,0,2018,13,0,0,0,0,3F-1
1165,ELE-PLS13 ,0,0,0,0,0,0,0,
1166,ELE-PLS13 ,1,2018,16,23,0,0,0,1F-2
1167,CIV-PLS13 ,1,2018,9,15,0,46,0,2F-3
1168,ELE-PLS13 ,0,2018,9,7,0,34,0,"2F-1,3F-1"
1169,IND-PLS13 ,1,2018,0,0,0,0,0,1F-2
1170,ELE-PLS13 ,0,0,0,0,0,0,0,
1171,CIV-PLS13 ,1,2018,17,20,0,0,0,1F-4
1172,ELE-PLS13 ,1,2018,13,10,0,39,0,2F-2
1173,IND-PLS13 ,0,2018,7,15,0,34,0,"2F-1,3F-1"
1174,MCT-PLS13 ,1,2018,9,15,0,38,0,2F-2
1175,CIV-PLS13 ,0,0,9,14,0,17,17,
1176,MCT-PLS13 ,0,0,6,0,0,0,0,
1177,ELE-PLS13 ,1,2018,15,17,0,0,0,"1F-1,2F-2"
1178,CIV-PLS13 ,1,2018,9,27,0,0,0,1F-4
1179,MCT-PLS13 ,1,2018,13,18,0,52,0,2F-4
1180,IND-PLS13 ,1,2018,16,12,0,0,0,1F-2
1181,IND-PLS13 ,0,0,6,12,0,0,20,
1182,MCT-PLS13 ,0,0,10,5,0,8,18,
1183,MCT-PLS13 ,0,0,8,4,0,0,0,
1184,CIV-PLS13 ,1,2018,14,25,0,0,0,1F-3
1185,CIV-PLS13 ,1,2018,21,17,0,0,0,1F-4
1186,IND-PLS13 ,1,2018,14,20,0,0,0,1F-2
1187,CIV-PLS13 ,0,0,10,12,0,22,14,
1188,CIV-PLS13 ,0,0,10,12,0,2,0,
1189,ELE-PLS13 ,1,2018,12,24,0,0,0,1F-2
1190,CIV-PLS13 ,0,2018,13,20,0,0,0,3F-1
1191,IND-PLS13 ,1,2018,16,10,0,46,0,2F-5
1192,CIV-PLS13 ,1,2018,15,14,0,0,0,1F-2
1193,CIV-PLS13 ,0,0,0,0,0,0,0,
1194,ELE-PLS13 ,0,2018,10,9,0,44,0,"2F-1,3F-1"
1195,CIV-PLS13 ,1,2018,14,23,0,0,0,1F-3
1196,ELE-PLS13 ,1,2018,15,22,0,0,0,1F-2
1197,ELE-PLS13 ,0,0,3,0,0,0,0,
1198,MEC-PLS13 ,0,2018,13,22,0,24,32,3F-1
1199,CIV-PLS13 ,0,0,8,0,0,0,0,
1200,MCT-PLS13 ,1,2018,16,20,0,25,0,2F-3
1201,MCT-PLS13 ,0,0,11,4,0,26,0,
1202,CIV-PLS13 ,0,0,11,6,0,0,0,
1203,CIV-PLS13 ,0,0,13,10,0,17,16,
1204,MCT-PLS13 ,1,2018,12,17,0,44,0,2F-3
1205,MCT-PLS13 ,0,0,9,6,0,0,0,
1206,IND-PLS13 ,0,0,10,0,0,0,0,
1207,MCT-PLS13 ,0,0,8,2,0,0,0,
1208,ELE-PLS13 ,0,0,9,1,0,0,0,
1209,MCT-PLS13 ,0,0,0,0,0,0,0,
1210,MCT-PLS13 ,0,0,9,0,0,0,0,
1211,CIV-PLS13 ,1,2018,7,15,0,38,0,2F-3
1212,IND-PLS13 ,0,2018,11,11,0,44,0,"2F-1,3F-1"
1213,MCT-PLS13 ,1,2018,17,17,0,38,0,2F-2
1214,CIV-PLS13 ,1,2018,10,15,0,48,0,2F-3
1215,IND-PLS13 ,0,0,0,0,0,0,0,
1216,MEC-PLS13 ,0,0,14,10,0,20,13,
1217,ELE-PLS13 ,0,0,9,0,0,0,0,
1218,ELE-PLS13 ,1,2018,18,26,0,0,0,1F-4
1219,CIV-PLS13 ,0,2018,7,24,0,0,0,"2F-1,3F-1"
1220,ELE-PLS13 ,0,2018,13,9,0,40,0,"2F-1,3F-1"
1221,ELE-PLS13 ,0,2018,15,10,0,0,38,3F-1
1222,ELE-PLS13 ,0,0,15,9,0,25,0,
1223,MCT-PLS13 ,0,0,7,4,0,0,0,
1224,CIV-PLS13 ,0,0,11,4,0,20,0,
1225,CIV-PLS13 ,1,2018,15,22,0,0,0,1F-3
1226,ELE-PLS13 ,0,0,2,0,0,0,0,
1227,IND-PLS13 ,0,2018,12,11,0,36,0,"2F-1,3F-1"
1228,CIV-PLS13 ,1,2018,15,14,0,0,0,"1F-1,2F-2"
1229,MCT-PLS13 ,0,0,9,3,0,0,0,
1230,ELE-PLS13 ,1,2018,11,8,0,40,0,2F-2
1231,ELE-PLS13 ,0,2018,13,18,0,0,0,
1232,MCT-PLS13 ,0,0,4,6,0,0,0,
1233,MCT-PLS13 ,0,0,10,15,0,24,18,
1234,MEC-PLS13 ,1,2018,8,0,0,0,0,1F-2
1235,CIV-PLS13 ,1,2018,11,6,0,44,0,2F-3
1236,CIV-PLS13 ,1,2018,15,21,0,0,0,1F-4
1237,ELE-PLS13 ,0,0,0,0,0,0,0,
1238,IND-PLS13 ,0,0,5,0,0,0,0,
1239,CIV-PLS13 ,1,2018,13,18,0,0,0,1F-2
1240,ELE-PLS13 ,0,2018,17,14,0,26,32,3F-1
1241,ELE-PLS13 ,0,0,8,2,0,0,0,
1242,CIV-PLS13 ,0,2018,9,7,0,0,35,
1243,MCT-PLS13 ,0,0,13,10,0,14,26,
1244,CIV-PLS13 ,0,0,0,0,0,0,0,
1245,CIV-PLS13 ,0,0,7,8,0,0,28,
1246,ELE-PLS13 ,1,2018,8,22,0,30,43,3F-3
1247,CIV-PLS13 ,1,2018,13,18,0,48,0,2F-5
1248,ELE-PLS13 ,1,2018,18,20,0,46,0,2F-4
1249,MEC-PLS13 ,0,2018,10,16,0,0,32,
1250,ELE-PLS13 ,0,2018,17,13,0,32,30,
1251,IND-PLS13 ,1,2018,14,22,0,0,0,1F-4
1252,ELE-PLS13 ,0,2018,14,6,0,22,32,
1253,ELE-PLS13 ,0,0,12,11,0,0,0,
1254,MCT-PLS13 ,0,0,4,0,0,0,0,
1255,CIV-PLS13 ,0,0,12,14,0,20,23,
1256,CIV-PLS13 ,0,0,10,11,0,20,25,
1257,CIV-PLS13 ,0,2018,12,18,0,0,0,1F-1
1258,ELE-PLS13 ,1,2018,16,11,0,44,0,2F-4
1259,MCT-PLS13 ,1,2018,16,20,0,0,0,1F-4
1260,CIV-PLS13 ,0,2018,8,10,0,36,0,3F-1
1261,MCT-PLS13 ,0,0,0,0,0,0,0,
1262,CIV-PLS13 ,1,2018,12,20,0,0,0,1F-2
1263,ELE-PLS13 ,0,2018,15,17,0,0,34,3F-1
1264,CIV-PLS13 ,1,2018,11,12,0,54,0,2F-5
1265,MCT-PLS13 ,1,2018,14,24,0,0,0,1F-2
1266,ELE-PLS13 ,1,2018,7,12,0,44,0,2F-4
1267,CIV-PLS13 ,0,0,8,0,0,0,0,
1268,ELE-PLS13 ,0,2018,8,8,0,31,0,"2F-1,3F-1"
1269,MCT-PLS13 ,0,0,14,13,0,22,24,
1270,CIV-PLS13 ,0,0,7,1,0,0,0,
1271,CIV-PLS13 ,1,2018,19,13,0,48,0,2F-5
1272,CIV-PLS13 ,0,2018,14,11,0,32,0,
1273,CIV-PLS13 ,0,0,8,2,0,0,0,
1274,CIV-PLS13 ,0,2018,8,14,0,16,30,3F-1
1275,IND-PLS13 ,0,0,6,9,0,20,22,
1276,CIV-PLS13 ,1,2018,15,20,0,40,0,2F-3
1277,MCT-PLS13 ,0,0,0,0,0,0,0,
1278,CIV-PLS13 ,1,2018,16,21,0,42,0,2F-3
1279,ELE-PLS13 ,0,0,4,0,0,0,0,
1280,CIV-PLS13 ,0,0,5,7,0,0,0,
1281,CIV-PLS13 ,0,0,11,8,0,0,13,
1282,MEC-PLS13 ,1,2018,19,19,0,0,0,1F-2
1283,ELE-PLS13 ,1,2018,17,21,0,52,0,2F-5
1284,ELE-PLS13 ,0,0,9,8,0,10,20,
1285,IND-PLS13 ,0,0,6,0,0,0,0,
1286,ELE-PLS13 ,1,2018,10,12,0,34,0,2F-2
1287,ELE-PLS13 ,0,2018,13,14,0,34,0,"2F-1,3F-1"
1288,CIV-PLS13 ,0,2018,0,0,0,0,0,
1289,MCT-PLS13 ,1,2018,13,17,0,42,0,2F-4
1290,ELE-PLS13 ,1,2018,18,24,0,44,0,2F-3
1291,ELE-PLS13 ,0,2018,15,13,0,0,0,"1F-1,2F-1,3F-1"
1292,CIV-PLS13 ,0,2018,13,13,0,26,30,3F-1
1293,ELE-PLS13 ,1,2018,18,15,0,0,0,"1F-1,2F-2"
1294,IND-PLS13 ,0,2018,13,18,0,0,0,3F-1
1295,ELE-PLS13 ,0,2018,15,14,0,38,0,2F-1
1296,CIV-PLS13 ,0,0,9,7,0,0,16,
1297,IND-PLS13 ,0,0,6,0,0,0,0,
1298,MEC-PLS13 ,0,0,8,9,0,0,5,
1299,CIV-PLS13 ,0,0,8,2,0,0,0,
1300,CIV-PLS13 ,0,2018,11,11,0,28,30,3F-1
1301,CIV-PLS13 ,0,0,4,0,0,0,0,
1302,CIV-PLS13 ,1,2018,15,14,0,0,0,1F-3
1303,MCT-PLS13 ,1,2018,16,26,0,0,0,1F-3
1304,CIV-PLS13 ,0,2018,11,9,0,14,32,3F-1
1305,MEC-PLS13 ,1,2018,13,13,0,0,0,"1F-1,2F-3"
1306,MCT-PLS13 ,0,2018,14,14,0,27,0,2F-1
1307,ELE-PLS13 ,1,2018,15,11,0,50,0,2F-4
1308,CIV-PLS13 ,0,0,11,13,0,0,0,
1309,CIV-PLS13 ,0,0,10,14,0,22,0,
1310,IND-PLS13 ,1,2018,12,9,0,0,0,1F-3
1311,ELE-PLS13 ,0,2018,10,15,0,28,0,"2F-1,3F-1"
1312,ELE-PLS13 ,0,0,8,2,0,0,0,
1313,CIV-PLS13 ,0,2018,14,6,0,30,0,
1314,CIV-PLS13 ,0,2018,14,14,0,36,0,2F-1
1315,ELE-PLS13 ,1,2018,9,13,0,54,0,2F-5
1316,CIV-PLS13 ,1,2018,18,21,0,0,0,1F-5
1317,ELE-PLS13 ,0,0,0,0,0,0,0,
1318,ELE-PLS13 ,0,0,0,0,0,0,0,
1319,CIV-PLS13 ,1,2018,12,19,0,0,0,1F-2
1320,ELE-PLS13 ,1,2018,15,22,0,0,0,1F-4
1321,CIV-PLS13 ,0,2018,10,10,0,34,0,"2F-1,3F-1"
1322,ELE-PLS13 ,0,0,7,5,0,0,0,
1323,CIV-PLS13 ,0,0,13,14,0,0,0,
1324,CIV-PLS13 ,0,2018,14,6,0,23,27,3F-1
1325,ELE-PLS13 ,0,0,4,6,0,0,0,
1326,CIV-PLS13 ,0,0,11,0,0,0,0,
1327,MCT-PLS13 ,0,2018,0,0,0,0,0,3F-1
1328,ELE-PLS09 ,0,2018,17,9,0,33,0,3F-1
1329,MEC-PLS09 ,0,0,0,0,0,0,0,
1330,MEC-PLS09 ,1,2018,12,17,0,0,0,"1F-1,2F-2"
1331,ELE-PLS09 ,1,2018,12,0,0,0,0,1F-2
1332,MCT-PLS09 ,0,2018,19,7,0,0,0,
1333,CIV-PLS09 ,0,0,8,0,0,0,0,
1334,ELE-PLS09 ,0,0,2,8,0,0,0,
1335,MEC-PLS09 ,0,0,7,0,0,0,0,
1336,ELE-PLS09 ,0,0,10,14,0,0,10,
1337,MEC-PLS09 ,0,0,13,4,0,0,0,
1338,MEC-PLS09 ,1,2018,15,18,0,0,0,1F-2
1339,MEC-PLS09 ,0,0,0,3,0,0,0,
1340,ELE-PLS09 ,0,2018,7,17,0,20,0,2F-1
1341,IND-PLS09 ,0,0,7,6,0,0,0,
1342,ELE-PLS09 ,0,0,11,1,0,0,0,
1343,ELE-PLS09 ,0,0,12,10,0,0,0,
1344,CIV-PLS09 ,0,0,0,0,0,0,0,
1345,CIV-PLS09 ,0,0,0,0,0,0,0,
1346,ELE-PLS09 ,0,0,9,7,0,0,0,
1347,MEC-PLS09 ,0,0,10,10,0,26,20,
1348,MEC-PLS09 ,0,0,9,0,0,0,0,
1349,CIV-PLS09 ,0,0,11,4,0,0,0,
1350,MEC-PLS09 ,0,0,7,0,0,0,0,
1351,CIV-PLS09 ,0,0,3,0,0,0,0,
1352,IND-PLS09 ,0,2018,9,15,0,0,32,3F-1
1353,MCT-PLS09 ,0,0,0,0,0,0,0,
1354,CIV-PLS09 ,0,0,5,8,0,0,0,
1355,ELE-PLS09 ,0,0,10,0,0,0,0,
1356,ELE-PLS13 ,1,2018,0,0,0,0,0,1F-2
1357,ELE-PLS13 ,0,2019,18,16,0,0,0,
1358,MCT-PLS13 ,0,0,0,0,0,0,0,
1359,IND-PLS13 ,0,0,11,16,0,25,0,
1360,MCT-PLS13 ,1,2018,20,17,0,0,0,"1F-1,2F-3"
1361,ELE-PLS13 ,0,0,17,12,0,30,0,
1362,IND-PLS13 ,1,2019,19,30,0,0,0,1F-4
1363,MCT-PLS13 ,1,2018,15,25,0,0,0,1F-4
1364,ELE-PLS13 ,1,2018,18,20,0,0,0,"1F-1,2F-3"
1365,ELE-PLS13 ,0,0,6,0,0,0,0,
1366,IND-PLS13 ,0,0,10,13,0,4,0,
1367,MCT-PLS13 ,1,2018,20,22,0,0,0,1F-3
1368,MEC-PLS13 ,0,0,0,0,0,0,0,
1369,CIV-PLS13 ,0,2018,0,0,0,0,0,
1370,ELE-PLS13 ,0,0,12,7,0,0,0,
1371,ELE-PLS13 ,0,0,15,11,0,18,0,
1372,MCT-PLS13 ,0,0,0,0,0,0,0,
1373,CIV-PLS13 ,0,2018,9,0,0,0,0,
1374,MCT-PLS13 ,1,2018,16,18,0,31,0,2F-4
1375,ELE-PLS13 ,1,2019,17,17,0,0,0,"1F-1,2F-4"
1376,ELE-PLS13 ,1,2018,17,24,0,0,0,1F-2
1377,ELE-PLS13 ,1,2018,19,21,0,0,0,"1F-1,2F-3"
1378,MEC-PLS13 ,1,2018,13,0,0,0,0,1F-3
1379,ELE-PLS13 ,1,2019,17,18,0,0,0,"1F-1,2F-2"
1380,CIV-PLS13 ,1,2018,19,24,0,0,0,1F-4
1381,MEC-PLS13 ,1,2019,19,16,0,0,0,1F-2
1382,CIV-PLS13 ,1,2018,19,21,0,0,0,1F-3
1383,ELE-PLS13 ,0,2018,18,12,0,0,0,1F-1
1384,ELE-PLS13 ,0,2019,16,22,0,0,0,
1385,MEC-PLS13 ,1,2018,18,21,0,0,0,1F-3
1386,MEC-PLS13 ,1,2018,19,24,0,0,0,1F-2
1387,ELE-PLS13 ,0,0,15,13,0,0,0,
1388,IND-PLS13 ,0,0,14,10,0,16,0,
1389,IND-PLS13 ,0,0,0,0,0,0,0,
1390,IND-PLS13 ,0,0,11,12,0,11,0,
1391,CIV-PLS13 ,0,0,0,9,0,0,0,
1392,CIV-PLS13 ,1,2018,21,18,0,0,0,1F-3
1393,MCT-PLS13 ,0,0,5,13,0,8,0,
1394,IND-PLS13 ,1,2018,10,26,0,0,0,"1F-1,2F-2"
1395,CIV-PLS13 ,0,2018,0,0,0,0,0,
1396,ELE-PLS13 ,1,2019,17,27,0,0,0,2F-3
1397,MCT-PLS13 ,1,2018,0,13,0,0,0,"1F-1,2F-2"
1398,MCT-PLS13 ,0,0,13,9,0,14,0,
1399,ELE-PLS13 ,1,2019,17,30,0,0,0,1F-5
1400,MCT-PLS13 ,1,2018,20,23,0,0,0,1F-5
1401,MEC-PLS13 ,1,2018,17,13,0,0,0,1F-2
1402,ELE-PLS13 ,0,0,15,7,0,8,0,
1403,MCT-PLS13 ,0,0,0,0,0,0,0,
1404,ELE-PLS13 ,1,2019,16,30,0,0,0,1F-3
1405,MCT-PLS13 ,0,0,0,0,0,0,0,
1406,ELE-PLS13 ,0,2018,11,16,0,0,0,1F-1
1407,CIV-PLS13 ,1,2018,19,25,0,0,0,1F-4
1408,MEC-PLS13 ,1,2018,18,29,0,0,0,1F-3
1409,CIV-PLS13 ,0,0,10,13,0,24,0,
1410,CIV-PLS13 ,1,2018,18,24,0,0,0,1F-3
1411,MEC-PLS13 ,0,2018,15,20,0,0,0,1F-1
1412,CIV-PLS13 ,1,2018,18,25,0,0,0,1F-3
1413,MEC-PLS13 ,1,2019,17,24,0,0,0,1F-3
1414,MEC-PLS13 ,0,0,15,13,0,20,0,
1415,ELE-PLS13 ,1,2018,0,0,0,0,0,1F-3
1416,ELE-PLS13 ,0,0,10,8,0,13,0,
1417,IND-PLS13 ,1,2019,18,17,0,0,0,"1F-1,2F-3"
1418,MCT-PLS13 ,1,2019,17,24,0,0,0,"1F-1,2F-5"
1419,CIV-PLS13 ,0,0,14,0,0,0,0,
1420,CIV-PLS13 ,1,2019,15,18,0,0,0,1F-3
1421,IND-PLS13 ,0,0,13,18,0,22,0,
1422,CIV-PLS13 ,0,2018,21,0,0,0,0,2F-1
1423,MEC-PLS13 ,0,0,7,19,0,30,0,
1424,CIV-PLS13 ,1,2018,19,17,0,0,0,1F-2
1425,ELE-PLS13 ,0,0,20,21,0,0,0,
1426,ELE-PLS13 ,1,2018,17,0,0,0,0,1F-2
1427,MEC-PLS13 ,0,0,0,0,0,0,0,
1428,CIV-PLS13 ,1,2019,16,26,0,0,0,1F-2
1429,CIV-PLS13 ,0,2018,11,14,0,0,0,"1F-1,2F-1"
1430,CIV-PLS13 ,0,2019,12,22,0,36,0,
1431,CIV-PLS13 ,1,2018,12,21,0,48,0,2F-5
1432,CIV-PLS13 ,0,2018,0,0,0,0,0,1F-1
1433,CIV-PLS13 ,1,2018,17,28,0,0,0,1F-4
1434,CIV-PLS13 ,0,0,0,0,0,0,0,
1435,IND-PLS13 ,1,2019,16,18,0,0,0,1F-2
1436,MEC-PLS13 ,0,0,13,11,0,28,0,
1437,CIV-PLS13 ,0,2019,20,20,0,0,0,1F-1
1438,MEC-PLS13 ,0,0,16,14,0,12,0,
1439,MCT-PLS13 ,0,0,10,24,0,0,0,
1440,MCT-PLS13 ,1,2019,18,20,0,16,0,2F-3
1441,IND-PLS13 ,1,2018,14,15,0,0,0,"1F-1,2F-3"
1442,CIV-PLS13 ,1,2019,20,19,0,0,0,1F-2
1443,MCT-PLS13 ,0,0,13,15,0,0,0,
1444,MCT-PLS13 ,0,2019,12,15,0,32,0,2F-1
1445,CIV-PLS13 ,0,0,0,0,0,0,0,
1446,ELE-PLS13 ,1,2018,14,17,0,23,0,2F-3
1447,MEC-PLS13 ,0,0,13,17,0,22,0,
1448,IND-PLS13 ,1,2019,16,18,0,0,0,"1F-1,2F-3"
1449,CIV-PLS13 ,1,2018,19,26,0,0,0,1F-3
1450,IND-PLS13 ,0,2018,18,15,0,0,0,1F-1
1451,CIV-PLS13 ,1,2019,21,21,0,0,0,1F-3
1452,CIV-PLS13 ,1,2018,17,21,0,0,0,1F-2
1453,ELE-PLS13 ,0,0,6,9,0,0,0,
1454,CIV-PLS13 ,1,2019,13,13,0,34,0,2F-3
1455,IND-PLS13 ,0,0,17,12,0,13,0,
1456,ELE-PLS13 ,1,2019,22,20,0,0,0,1F-4
1457,ELE-PLS13 ,0,0,13,10,0,0,0,
1458,MCT-PLS13 ,0,0,9,6,0,4,0,
1459,IND-PLS13 ,1,2018,16,23,0,0,0,1F-2
1460,MEC-PLS13 ,1,2018,11,0,0,0,0,1F-3
1461,CIV-PLS13 ,1,2019,15,24,0,0,0,1F-2
1462,IND-PLS13 ,1,2018,19,23,0,0,0,1F-3
1463,ELE-PLS13 ,0,0,9,11,0,12,0,
1464,MCT-PLS13 ,1,2019,15,29,0,0,0,2F-4
1465,IND-PLS13 ,1,2018,18,21,0,0,0,"1F-1,2F-2"
1466,IND-PLS13 ,1,2019,20,23,0,0,0,1F-3
1467,CIV-PLS13 ,1,2018,18,28,0,0,0,1F-4
1468,CIV-PLS13 ,1,2018,16,28,0,0,0,1F-3
1469,CIV-PLS13 ,0,0,0,0,0,0,0,
1470,CIV-PLS13 ,1,2018,21,20,0,0,0,"1F-1,2F-3"
1471,CIV-PLS13 ,0,0,10,12,0,12,0,
1472,ELE-PLS13 ,0,0,0,0,0,0,0,
1473,CIV-PLS13 ,1,2018,20,22,0,0,0,1F-3
1474,MCT-PLS13 ,1,2019,19,28,0,0,0,2F-3
1475,ELE-PLS13 ,0,2018,0,0,0,0,0,
1476,ELE-PLS13 ,1,2018,18,18,0,0,0,"1F-1,2F-4"
1477,CIV-PLS13 ,1,2018,17,24,0,0,0,1F-3
1478,ELE-PLS13 ,1,2018,18,16,0,0,0,1F-2
1479,ELE-PLS13 ,1,2019,18,28,0,0,0,1F-3
1480,ELE-PLS13 ,1,2018,20,12,0,0,0,"1F-1,2F-3"
1481,CIV-PLS13 ,0,0,0,0,0,0,0,
1482,CIV-PLS13 ,0,2018,0,0,0,0,0,
1483,IND-PLS13 ,0,2018,17,22,0,0,0,1F-1
1484,ELE-PLS13 ,0,0,0,29,0,0,0,
1485,ELE-PLS13 ,0,2018,21,11,0,0,0,1F-1
1486,CIV-PLS13 ,0,0,3,3,0,0,0,
1487,IND-PLS13 ,1,2018,18,0,0,0,0,2F-3
1488,CIV-PLS13 ,0,2019,16,18,0,0,0,2F-1
1489,IND-PLS13 ,0,0,17,12,0,22,0,
1490,MCT-PLS13 ,1,2019,18,16,0,0,0,"1F-1,2F-2"
1491,MCT-PLS13 ,0,0,9,14,0,0,0,
1492,CIV-PLS13 ,0,0,16,13,0,14,0,
1493,CIV-PLS13 ,0,2018,5,16,0,0,0,1F-1
1494,ELE-PLS13 ,1,2018,19,29,0,0,0,1F-3
1495,MEC-PLS13 ,1,2019,11,21,0,0,0,"1F-1,2F-3"
1496,MCT-PLS13 ,0,0,15,14,0,13,0,
1497,CIV-PLS13 ,0,0,13,7,0,0,0,
1498,CIV-PLS13 ,1,2019,16,24,0,0,0,1F-2
1499,MCT-PLS13 ,0,0,15,0,0,6,0,
1500,ELE-PLS13 ,0,0,7,9,0,0,0,
1501,ELE-PLS13 ,1,2019,14,10,0,38,0,2F-4
1502,MCT-PLS13 ,0,0,11,13,0,16,0,
1503,CIV-PLS13 ,0,2019,15,16,0,0,0,
1504,IND-PLS13 ,0,2018,0,0,0,0,0,1F-1
1505,IND-PLS13 ,1,2019,13,21,0,30,0,2F-4
1506,ELE-PLS13 ,1,2019,16,18,0,0,0,"1F-1,2F-2"
1507,ELE-PLS13 ,0,2019,14,10,0,32,0,2F-1
1508,CIV-PLS13 ,1,2018,13,8,0,0,0,1F-2
1509,ELE-PLS13 ,0,2018,10,13,0,0,0,1F-1
1510,ELE-PLS13 ,0,2018,0,0,0,10,0,2F-1
1511,ELE-PLS13 ,0,0,6,14,0,0,0,
1512,MCT-PLS13 ,0,0,0,0,0,0,0,
1513,CIV-PLS13 ,0,0,19,11,0,18,0,
1514,ELE-PLS13 ,0,2019,17,16,0,22,0,2F-1
1515,IND-PLS13 ,1,2018,15,20,0,0,0,1F-3
1516,MCT-PLS13 ,0,2019,11,22,0,0,0,2F-1
1517,ELE-PLS13 ,0,2018,0,12,0,0,0,
1518,MCT-PLS13 ,0,2019,18,17,0,17,0,
1519,IND-PLS13 ,0,0,6,0,0,0,0,
1520,ELE-PLS13 ,1,2018,0,0,0,36,0,2F-5
1521,CIV-PLS13 ,1,2018,17,22,0,0,0,1F-2
1522,MCT-PLS13 ,0,2019,15,16,0,18,0,
1523,CIV-PLS13 ,1,2019,16,21,0,0,0,1F-2
1524,MEC-PLS13 ,1,2018,20,20,0,0,0,1F-2
1525,ELE-PLS13 ,1,2018,20,28,0,0,0,1F-4
1526,ELE-PLS13 ,1,2018,19,19,0,0,0,"1F-1,2F-4"
1527,ELE-PLS13 ,0,2019,16,22,0,0,0,
1528,CIV-PLS13 ,0,2019,16,19,0,0,0,"1F-1,2F-1"
1529,CIV-PLS13 ,1,2019,16,27,0,0,0,"1F-1,2F-2"
1530,CIV-PLS13 ,1,2018,17,22,0,0,0,"1F-1,2F-3"
1531,CIV-PLS13 ,0,2018,14,21,0,0,0,1F-1
1532,ELE-PLS13 ,1,2018,16,23,0,0,0,1F-4
1533,CIV-PLS13 ,0,2019,16,13,0,0,0,"1F-1,2F-1"
1534,ELE-PLS13 ,0,2018,12,14,0,0,0,1F-1
1535,MCT-PLS13 ,1,2019,21,25,0,0,0,1F-4
1536,CIV-PLS13 ,0,2019,10,20,0,0,0,1F-1
1537,CIV-PLS13 ,0,2018,0,0,0,0,0,
1538,CIV-PLS13 ,0,2019,20,19,0,0,0,"1F-1,2F-1"
1539,CIV-PLS13 ,1,2018,16,19,0,0,0,1F-2
1540,IND-PLS13 ,0,0,21,6,0,26,0,
1541,ELE-PLS13 ,0,0,0,0,0,0,0,
1542,CIV-PLS13 ,1,2019,17,20,0,0,0,"1F-1,2F-3"
1543,ELE-PLS13 ,0,2018,0,0,0,0,0,
1544,ELE-PLS13 ,1,2019,19,32,0,0,0,1F-4
1545,CIV-PLS13 ,1,2018,17,24,0,0,0,1F-3
1546,IND-PLS13 ,1,2018,10,24,0,20,0,2F-4
1547,ELE-PLS13 ,1,2018,20,30,0,0,0,1F-4
1548,CIV-PLS13 ,0,0,20,8,0,22,0,
1549,MEC-PLS13 ,0,0,12,12,0,0,0,
1550,CIV-PLS13 ,1,2019,18,18,0,0,0,"1F-1,2F-2"
1551,CIV-PLS13 ,1,2018,23,20,0,0,0,1F-3
1552,CIV-PLS13 ,1,2018,11,17,0,0,0,"1F-1,2F-2"
1553,MCT-PLS13 ,1,2018,19,22,0,0,0,1F-4
1554,CIV-PLS13 ,1,2019,18,15,0,0,0,2F-4
1555,ELE-PLS13 ,1,2018,14,20,0,0,0,2F-4
1556,CIV-PLS13 ,1,2018,21,25,0,0,0,1F-4
1557,CIV-PLS13 ,0,2018,15,21,0,0,0,"1F-1,2F-1"
1558,CIV-PLS13 ,1,2018,22,23,0,0,0,1F-3
1559,ELE-PLS13 ,1,2019,22,27,0,0,0,1F-4
1560,CIV-PLS13 ,0,2019,15,15,0,36,0,2F-1
1561,CIV-PLS13 ,0,0,9,15,0,10,0,
1562,CIV-PLS13 ,1,2018,15,31,0,0,0,1F-5
1563,ELE-PLS13 ,0,0,0,0,0,0,0,
1564,MCT-PLS13 ,1,2019,20,20,0,0,0,"1F-1,2F-2"
1565,MCT-PLS13 ,0,0,0,0,0,0,0,
1566,MCT-PLS13 ,0,0,6,0,0,0,0,
1567,ELE-PLS13 ,0,2019,12,0,0,0,0,
1568,ELE-PLS13 ,1,2019,16,30,9,0,0,1F-5
1569,MCT-PLS13 ,0,0,15,0,3,0,0,
1570,IND-PLS13 ,0,2019,16,25,5,0,0,1F-1
1571,CIV-PLS13 ,0,0,11,9,5,0,0,
1572,ELE-PLS13 ,1,2019,21,28,5,0,0,1F-4
1573,MCT-PLS13 ,0,0,5,7,4,0,0,
1574,ELE-PLS13 ,0,0,12,14,6,24,0,
1575,ELE-PLS13 ,0,0,0,0,3,0,0,
1576,ELE-PLS13 ,0,0,0,2,2,0,0,
1577,IND-PLS13 ,0,0,12,5,2,16,0,
1578,CIV-PLS13 ,1,2019,20,22,9,0,0,1F-4
1579,MCT-PLS13 ,0,0,4,0,2,0,0,
1580,MEC-PLS13 ,0,0,0,15,2,22,0,
1581,IND-PLS13 ,0,2019,14,24,7,0,0,1F-1
1582,CIV-PLS13 ,0,0,0,0,2,0,0,
1583,ELE-PLS13 ,0,0,0,5,2,0,0,
1584,MEC-PLS13 ,0,2019,10,20,5,0,0,1F-1
1585,ELE-PLS13 ,0,2019,9,25,8,0,0,1F-1
1586,MCT-PLS13 ,0,0,0,4,2,0,0,
1587,ELE-PLS13 ,1,2019,17,27,9,0,0,1F-3
1588,CIV-PLS13 ,0,0,3,19,2,26,0,
1589,ELE-PLS13 ,1,2019,20,28,8,0,0,1F-4
1590,ELE-PLS13 ,0,2019,9,0,0,0,0,1F-1
1591,IND-PLS13 ,0,0,10,17,4,16,0,
1592,ELE-PLS13 ,0,0,12,9,4,16,0,
1593,CIV-PLS13 ,0,0,12,16,5,12,0,
1594,ELE-PLS13 ,0,2019,18,15,2,0,0,1F-1
1595,IND-PLS13 ,0,0,9,10,3,15,0,
1596,IND-PLS13 ,0,0,6,13,5,22,0,
1597,ELE-PLS13 ,0,0,0,0,2,0,0,
1598,MEC-PLS13 ,0,2019,8,24,4,0,0,1F-1
1599,IND-PLS13 ,0,2019,11,23,5,0,0,1F-1
1600,CIV-PLS13 ,0,0,0,0,2,0,0,
1601,ELE-PLS13 ,0,2019,13,9,8,27,0,
1602,MCT-PLS13 ,0,2019,5,17,5,30,0,
1603,ELE-PLS13 ,0,0,12,16,3,18,0,
1604,ELE-PLS13 ,0,2019,14,17,5,0,0,1F-1
1605,MCT-PLS13 ,0,2019,8,22,6,0,0,1F-1
1606,CIV-PLS13 ,0,2019,11,27,3,0,0,1F-1
1607,MCT-PLS13 ,0,0,7,2,4,0,0,
1608,MCT-PLS13 ,0,0,0,0,0,0,0,
1609,ELE-PLS13 ,0,2019,6,20,8,28,0,
1610,IND-PLS13 ,0,0,3,16,2,12,0,
1611,CIV-PLS13 ,0,2019,11,22,6,0,0,1F-1
1612,CIV-PLS13 ,0,0,13,13,5,16,0,
1613,MEC-PLS13 ,0,2019,11,22,7,0,0,1F-1
1614,MCT-PLS13 ,0,0,12,0,1,0,0,
1615,CIV-PLS13 ,1,2019,19,17,5,0,0,1F-3
1616,MEC-PLS13 ,1,2019,14,17,4,0,0,1F-2
1617,ELE-PLS13 ,0,2019,12,22,5,0,0,1F-1
1618,ELE-PLS13 ,0,0,4,12,3,8,0,
1619,CIV-PLS13 ,0,0,6,0,4,0,0,
1620,CIV-PLS13 ,0,2019,10,15,6,32,0,
1621,ELE-PLS13 ,0,2019,12,14,5,30,0,
1622,MCT-PLS13 ,0,0,10,5,2,6,0,
1623,MCT-PLS13 ,1,2019,20,22,6,0,0,1F-3
1624,CIV-PLS13 ,0,2019,12,11,5,38,0,
1625,CIV-PLS13 ,0,2019,8,16,6,29,0,
1626,IND-PLS13 ,1,2019,16,25,6,0,0,1F-3
1627,ELE-PLS13 ,0,0,9,11,5,14,0,
1628,MEC-PLS13 ,1,2019,17,24,8,0,0,1F-3
1629,ELE-PLS13 ,0,0,14,11,4,16,0,
1630,ELE-PLS13 ,0,0,0,0,0,0,0,
1631,ELE-PLS13 ,1,2019,14,29,7,0,0,1F-3
1632,MEC-PLS13 ,0,0,0,0,0,0,0,
1633,IND-PLS13 ,0,0,14,7,4,6,0,
1634,ELE-PLS13 ,0,0,15,12,7,20,0,
1635,CIV-PLS13 ,0,2019,15,17,8,0,0,1F-1
1636,MEC-PLS13 ,0,0,0,0,0,0,0,
1637,CIV-PLS13 ,0,0,11,20,3,22,0,
1638,CIV-PLS13 ,1,2019,19,24,0,0,0,1F-2
1639,ELE-PLS13 ,0,2019,16,19,5,0,0,1F-1
1640,ELE-PLS13 ,0,2019,12,25,5,0,0,1F-1
1641,MEC-PLS13 ,1,2019,19,27,8,0,0,1F-4
1642,CIV-PLS13 ,0,0,17,10,5,26,0,
1643,CIV-PLS13 ,0,2019,11,19,5,22,0,
1644,CIV-PLS13 ,0,0,8,11,4,20,0,
1645,CIV-PLS13 ,0,0,0,0,0,0,0,
1646,MEC-PLS13 ,0,0,12,5,6,14,0,
1647,CIV-PLS13 ,1,2019,22,25,9,0,0,1F-5
1648,CIV-PLS13 ,1,2019,16,28,9,0,0,1F-4
1649,CIV-PLS13 ,1,2019,11,0,0,0,0,1F-3
1650,CIV-PLS13 ,0,2019,16,25,5,0,0,1F-1
1651,CIV-PLS13 ,1,2019,11,0,0,0,0,1F-2
1652,IND-PLS13 ,0,0,9,15,5,24,0,
1653,IND-PLS13 ,1,2019,16,25,7,0,0,1F-3
1654,IND-PLS13 ,0,0,8,20,4,18,0,
1655,MEC-PLS13 ,1,2019,19,24,7,0,0,1F-2
1656,MCT-PLS13 ,0,2019,9,21,3,34,0,
1657,ELE-PLS13 ,1,2019,21,29,4,0,0,1F-5
1658,ELE-PLS13 ,0,0,11,17,2,0,0,
1659,CIV-PLS13 ,0,2019,13,27,2,0,0,1F-1
1660,CIV-PLS13 ,0,0,8,12,4,24,0,
1661,MCT-PLS13 ,0,2019,10,18,7,0,0,
1662,CIV-PLS13 ,0,2019,13,26,7,0,0,1F-1
1663,IND-PLS13 ,1,2019,17,22,7,0,0,1F-2
1664,MCT-PLS13 ,0,2019,13,0,0,0,0,1F-1
1665,IND-PLS13 ,0,0,0,0,0,0,0,
1666,CIV-PLS13 ,1,2019,21,28,9,0,0,1F-5
1667,CIV-PLS13 ,0,2019,9,16,8,36,0,
1668,CIV-PLS13 ,0,2019,17,19,7,0,0,1F-1
1669,CIV-PLS13 ,1,2019,17,28,7,0,0,1F-4
1670,CIV-PLS13 ,0,0,13,10,5,20,0,
1671,CIV-PLS13 ,0,2019,15,18,6,0,0,1F-1
1672,MEC-PLS13 ,0,0,11,20,3,22,0,
1673,MCT-PLS13 ,0,0,12,11,4,10,0,
1674,ELE-PLS13 ,1,2019,18,29,8,0,0,1F-5
1675,ELE-PLS13 ,0,0,15,13,3,20,0,
1676,CIV-PLS13 ,0,2019,10,13,10,26,0,
1677,IND-PLS13 ,0,2019,14,21,7,0,0,1F-1
1678,IND-PLS13 ,0,2019,16,12,6,29,0,
1679,ELE-PLS13 ,0,0,12,11,5,18,0,
1680,CIV-PLS13 ,0,0,2,0,5,0,0,
1681,CIV-PLS13 ,1,2019,17,25,8,0,0,1F-3
1682,CIV-PLS13 ,0,0,0,0,3,0,0,
1683,ELE-PLS13 ,0,2019,18,16,8,0,0,1F-1
1684,MCT-PLS13 ,1,2019,22,33,6,0,0,1F-5
1685,CIV-PLS13 ,0,0,13,7,4,16,0,
1686,CIV-PLS13 ,1,2019,17,17,0,0,0,1F-3
1687,MCT-PLS13 ,0,0,7,16,2,22,0,
1688,ELE-PLS13 ,0,0,5,0,2,0,0,
1689,ELE-PLS13 ,0,0,9,3,3,0,0,
1690,MCT-PLS13 ,1,2019,17,22,10,0,0,1F-5
1691,CIV-PLS13 ,1,2019,19,30,8,0,0,1F-4
1692,CIV-PLS13 ,0,2019,15,15,2,50,0,
1693,CIV-PLS13 ,0,2019,13,20,8,0,0,1F-1
1694,IND-PLS13 ,0,2019,15,17,5,0,0,1F-1
1695,CIV-PLS13 ,0,2019,13,22,7,20,0,
1696,CIV-PLS13 ,0,0,11,15,4,22,0,
1697,ELE-PLS13 ,0,2019,10,23,8,26,0,
1698,CIV-PLS13 ,1,2019,20,20,7,0,0,1F-3
1699,ELE-PLS13 ,0,0,9,0,3,0,0,
1700,MCT-PLS13 ,0,2019,16,23,6,0,0,1F-1
1701,MCT-PLS13 ,0,2019,12,19,8,34,0,
1702,CIV-PLS13 ,0,2019,15,9,4,32,0,
1703,MCT-PLS13 ,1,2019,17,31,9,0,0,1F-5
1704,CIV-PLS13 ,0,0,15,10,6,22,0,
1705,CIV-PLS13 ,0,2019,16,24,7,0,0,1F-1
1706,CIV-PLS13 ,0,2019,15,21,7,0,0,1F-1
1707,ELE-PLS13 ,0,0,0,0,0,0,0,
1708,ELE-PLS13 ,1,2019,22,30,8,0,0,1F-5
1709,ELE-PLS13 ,0,0,11,14,4,20,0,
1710,CIV-PLS13 ,0,2019,14,16,6,0,0,1F-1
1711,CIV-PLS13 ,0,0,12,8,8,6,0,
1712,CIV-PLS13 ,0,0,17,13,3,0,0,
1713,CIV-PLS13 ,0,0,7,9,4,0,0,
1714,CIV-PLS13 ,0,0,0,0,0,0,0,
1715,ELE-PLS13 ,0,2019,13,22,5,18,0,
1716,MCT-PLS13 ,1,2019,19,20,5,0,0,1F-3
1717,ELE-PLS13 ,0,2019,7,19,6,32,0,
1718,CIV-PLS13 ,0,0,0,0,4,0,0,
1719,MEC-PLS13 ,1,2019,24,30,9,0,0,1F-5
1720,MCT-PLS13 ,0,0,0,0,0,0,0,
1721,CIV-PLS13 ,0,0,10,13,3,16,0,
1722,IND-PLS13 ,0,0,12,18,4,18,0,
1723,CIV-PLS13 ,0,0,9,3,2,0,0,
1724,MCT-PLS13 ,0,2019,10,22,6,0,0,1F-1
1725,MCT-PLS13 ,0,0,0,0,2,0,0,
1726,ELE-PLS13 ,0,2019,18,19,6,0,0,1F-1
1727,IND-PLS13 ,0,2019,14,21,8,0,0,1F-1
1728,ELE-PLS13 ,0,0,10,14,6,16,0,
1729,ELE-PLS13 ,0,0,16,14,4,0,0,
1730,IND-PLS13 ,0,0,4,4,5,0,0,
1731,MCT-PLS13 ,0,0,10,8,6,20,0,
1732,CIV-PLS13 ,0,2019,13,22,9,0,0,1F-1
1733,CIV-PLS13 ,0,2019,15,18,7,0,0,1F-1
1734,CIV-PLS13 ,1,2019,13,30,7,0,0,1F-3
1735,ELE-PLS13 ,0,0,6,0,5,0,0,
1736,CIV-PLS13 ,0,0,13,13,7,16,0,
1737,CIV-PLS13 ,1,2019,14,27,7,0,0,1F-3
1738,ELE-PLS13 ,0,0,12,13,6,8,0,
1739,ELE-PLS13 ,0,2019,11,23,7,0,0,1F-1
1740,ELE-PLS13 ,1,2019,16,27,3,0,0,1F-3
1741,ELE-PLS13 ,0,0,12,10,6,20,0,
1742,ELE-PLS13 ,0,0,7,11,6,16,0,
1743,CIV-PLS13 ,0,2019,14,22,8,0,0,1F-1
1744,ELE-PLS13 ,0,2019,6,21,4,32,0,
1745,CIV-PLS13 ,0,0,9,10,4,26,0,
1746,ELE-PLS13 ,0,0,5,10,4,20,0,
1747,CIV-PLS13 ,0,0,4,6,2,0,0,
1748,CIV-PLS13 ,0,0,12,18,4,20,0,
1749,CIV-PLS13 ,1,2019,19,21,9,0,0,1F-3
1750,MCT-PLS13 ,1,2019,13,16,6,0,0,1F-2
1751,ELE-PLS13 ,1,2019,14,28,8,0,0,1F-2
1752,CIV-PLS13 ,0,2019,8,0,0,0,0,1F-1
1753,IND-PLS13 ,0,0,0,0,3,0,0,
1754,CIV-PLS13 ,0,2019,12,17,6,0,0,1F-1
1755,CIV-PLS13 ,0,2019,18,9,8,6,0,
1756,MCT-PLS13 ,0,0,11,7,3,18,0,
1757,CIV-PLS13 ,0,0,17,14,3,28,0,
1758,CIV-PLS13 ,0,0,13,15,6,16,0,
1759,CIV-PLS13 ,0,0,13,14,6,18,0,
1760,CIV-PLS13 ,1,2019,18,25,6,0,0,1F-3
1761,ELE-PLS13 ,0,0,5,12,7,14,0,
1762,CIV-PLS13 ,0,2019,19,24,6,0,0,1F-1
1763,ELE-PLS13 ,0,0,0,0,3,0,0,
1764,ELE-PLS13 ,0,2019,8,26,2,0,0,1F-1
1765,ELE-PLS13 ,0,2019,10,20,8,0,0,1F-1
1766,CIV-PLS13 ,1,2019,18,23,8,0,0,1F-3
1767,CIV-PLS13 ,0,0,8,21,5,24,0,
1768,CIV-PLS13 ,0,0,13,10,6,0,0,
1769,MCT-PLS13 ,0,2019,11,24,5,26,0,
1770,CIV-PLS13 ,0,0,9,0,2,0,0,
1771,ELE-PLS13 ,0,0,7,16,5,18,0,
1772,MCT-PLS13 ,0,2019,17,21,5,0,0,1F-1
1773,IND-PLS13 ,0,2019,9,27,3,0,0,
1774,CIV-PLS13 ,1,2019,17,18,8,0,0,1F-2
1775,MCT-PLS13 ,0,0,11,14,6,14,0,
1776,MCT-PLS13 ,0,0,7,8,2,0,0,
1777,CIV-PLS13 ,0,0,10,10,4,8,0,
1778,MCT-PLS13 ,1,2019,13,31,8,0,0,1F-4
1779,CIV-PLS13 ,0,2019,0,0,0,0,0,
1780,IND-PLS13 ,0,0,15,8,2,0,0,
1781,MCT-PLS13 ,0,0,0,0,1,0,0,
1782,CIV-PLS13 ,0,0,12,9,4,26,0,
1783,IND-PLS13 ,0,0,11,12,2,16,0,
1784,ELE-PLS13 ,1,2019,17,31,8,0,0,1F-5
1785,CIV-PLS13 ,0,2019,14,26,7,0,0,1F-1
1786,ELE-PLS13 ,0,2019,0,0,0,0,0,1F-1
1787,MCT-PLS13 ,0,0,12,0,3,0,0,
1788,ELE-PLS13 ,0,2019,13,20,4,0,0,1F-1
1789,ELE-PLS13 ,0,2019,10,27,6,0,0,1F-1
1790,ELE-PLS13 ,0,2019,6,24,5,0,0,1F-1
1791,CIV-PLS13 ,0,2019,16,19,6,12,0,
1792,MCT-PLS13 ,0,0,7,0,1,0,0,
1793,CIV-PLS13 ,0,0,5,0,5,0,0,
1794,ELE-PLS13 ,1,2019,20,23,0,0,0,1F-3
1795,MCT-PLS13 ,0,2019,5,0,0,0,0,
1796,CIV-PLS13 ,0,2019,13,15,3,32,0,
1797,ELE-PLS13 ,0,2019,18,23,4,0,0,1F-1
1798,ELE-PLS13 ,0,0,8,0,3,0,0,
1799,MCT-PLS13 ,0,2019,12,14,0,0,0,
1800,CIV-PLS13 ,0,0,8,12,3,28,0,
1801,CIV-PLS13 ,0,2019,15,18,10,24,0,
1802,CIV-PLS13 ,0,2019,15,16,6,0,0,1F-1
1803,IND-PLS13 ,0,0,10,1,2,0,0,
1804,ELE-PLS13 ,0,2019,16,14,5,0,0,1F-1
1805,MCT-PLS13 ,0,2019,9,0,0,20,0,
1806,MCT-PLS13 ,1,2019,18,29,8,0,0,1F-5
1807,CIV-PLS13 ,0,2019,12,9,8,30,0,
1808,CIV-PLS13 ,0,0,0,0,4,0,0,
1809,ELE-PLS13 ,1,2019,19,29,7,0,0,1F-4
1810,CIV-PLS13 ,0,0,4,2,4,0,0,
1811,ELE-PLS13 ,1,2019,18,29,9,0,0,1F-3
1812,ELE-PLS13 ,0,2019,0,0,0,0,0,1F-1
1813,CIV-PLS13 ,0,2019,0,0,0,0,0,
1814,MEC-PLS13 ,0,0,11,4,3,12,0,
1815,MCT-PLS13 ,0,2019,9,25,6,0,0,1F-1
1816,CIV-PLS13 ,0,0,9,23,2,0,0,
1817,CIV-PLS13 ,0,0,13,11,4,24,0,
1818,MCT-PLS13 ,0,2019,16,23,5,0,0,1F-1
1819,ELE-PLS13 ,1,2019,16,26,8,0,0,1F-4
1820,ELE-PLS13 ,0,0,10,15,5,0,0,
1821,ELE-PLS13 ,0,0,11,14,4,0,0,
1822,MCT-PLS13 ,0,2019,12,24,4,0,0,1F-1
1823,CIV-PLS13 ,1,2019,17,29,0,0,0,1F-4
1824,CIV-PLS13 ,0,0,14,13,4,10,0,
1825,ELE-PLS13 ,0,0,13,12,2,22,0,
1826,IND-PLS13 ,0,2019,14,14,5,32,0,
1827,ELE-PLS13 ,1,2019,18,23,6,0,0,1F-3
1828,MCT-PLS13 ,0,0,7,0,8,0,0,
1829,ELE-PLS13 ,0,0,10,1,7,0,0,
1830,ELE-PLS13 ,0,2019,12,22,4,0,0,1F-1
1831,ELE-PLS13 ,0,2019,11,23,8,0,0,1F-1
1832,CIV-PLS13 ,0,2019,5,0,0,0,0,1F-1
1833,CIV-PLS13 ,1,2019,20,21,7,0,0,1F-3
1834,ELE-PLS13 ,0,2019,14,19,6,0,0,1F-1
1835,CIV-PLS13 ,0,0,12,11,4,14,0,
1836,CIV-PLS13 ,1,2019,14,28,0,0,0,1F-2
1837,ELE-PLS13 ,0,2019,10,28,5,0,0,1F-1
1838,IND-PLS13 ,0,0,10,10,4,10,0,
1839,IND-PLS13 ,0,2019,11,20,6,0,0,1F-1
1840,ELE-PLS13 ,0,0,4,0,1,0,0,
1841,MCT-PLS13 ,0,0,6,0,2,0,0,
1842,ELE-PLS13 ,0,0,0,0,0,0,0,
1843,ELE-PLS13 ,0,2019,11,20,8,0,0,1F-1
1844,MCT-PLS13 ,0,0,13,16,4,18,0,
1845,ELE-PLS13 ,0,2019,21,31,8,0,0,
1846,ELE-PLS13 ,0,0,6,0,4,0,0,
1847,MCT-PLS13 ,0,0,2,0,2,0,0,
1848,CIV-PLS13 ,0,0,9,9,7,24,0,
1849,CIV-PLS13 ,0,2019,12,19,8,0,0,1F-1
1850,ELE-PLS13 ,0,2019,16,30,6,0,0,1F-1
1851,CIV-PLS13 ,0,0,3,10,2,0,0,
1852,IND-PLS13 ,0,0,9,0,4,0,0,
1853,CIV-PLS13 ,1,2019,20,28,2,0,0,1F-3
1854,CIV-PLS13 ,0,2019,13,5,8,27,0,
1855,MCT-PLS13 ,1,2019,18,28,8,0,0,1F-4
1856,CIV-PLS13 ,0,0,11,13,4,16,0,
1857,MCT-PLS13 ,0,0,6,16,2,24,0,
1858,CIV-PLS13 ,1,2019,15,25,5,0,0,1F-2
1859,CIV-PLS13 ,0,2019,14,17,6,0,0,1F-1
1860,CIV-PLS13 ,0,0,10,11,5,18,0,
1861,CIV-PLS13 ,0,2019,14,19,4,0,0,1F-1
1862,MCT-PLS13 ,0,2019,14,21,4,0,0,1F-1
1863,CIV-PLS13 ,1,2019,19,28,8,0,0,1F-4
1864,CIV-PLS13 ,0,2019,12,20,6,0,0,1F-1
1865,CIV-PLS13 ,1,2019,11,28,7,0,0,1F-3
1866,ELE-PLS13 ,0,0,2,0,3,0,0,
1867,IND-PLS13 ,0,0,5,0,6,0,0,
1868,ELE-PLS13 ,1,2019,17,27,5,0,0,1F-3
1869,CIV-PLS13 ,0,0,7,0,3,0,0,
1870,MEC-PLS13 ,0,0,16,7,4,20,0,
1871,CIV-PLS13 ,0,0,1,0,2,0,0,
1872,MCT-PLS13 ,0,0,8,7,6,22,0,
1873,CIV-PLS13 ,0,2019,13,23,4,0,0,1F-1
1874,CIV-PLS13 ,1,2019,15,27,9,0,0,1F-3
1875,ELE-PLS13 ,0,2019,10,28,4,0,0,1F-1
1876,ELE-PLS13 ,0,0,12,17,2,26,0,
1877,ELE-PLS13 ,0,2019,10,26,5,0,0,1F-1
1878,CIV-PLS13 ,0,2019,16,16,7,24,0,
1879,CIV-PLS13 ,0,2019,13,19,5,0,0,1F-1
1880,CIV-PLS13 ,1,2019,17,28,8,0,0,1F-3
1881,CIV-PLS13 ,1,2019,18,24,7,0,0,1F-3
1882,ELE-PLS13 ,0,0,11,8,5,18,0,
1883,ELE-PLS13 ,0,0,15,10,4,0,0,
1884,CIV-PLS13 ,0,0,5,0,3,0,0,
1885,CIV-PLS13 ,0,0,7,21,4,20,0,
1886,CIV-PLS13 ,0,0,0,3,4,0,0,
1887,IND-PLS13 ,0,2019,12,16,8,0,0,1F-1
1888,CIV-PLS13 ,0,0,15,16,3,24,0,
1889,ELE-PLS13 ,1,2019,11,22,10,0,0,1F-2
1890,CIV-PLS13 ,0,0,5,0,1,0,0,
1891,CIV-PLS13 ,0,2019,0,0,0,0,0,
1892,CIV-PLS13 ,0,0,9,11,3,22,0,
1893,CIV-PLS13 ,0,2019,12,20,3,0,0,1F-1
1894,CIV-PLS13 ,0,0,0,0,2,0,0,
1895,CIV-PLS13 ,1,2019,22,26,8,0,0,1F-5
1896,CIV-PLS13 ,0,2019,9,22,5,0,0,1F-1
